ssoc_code,title,major_group,major_group_label,sub_major,description,slug
11110,Legislator,1,Managers,11,1112 Senior Government and Statutory Board Officials,legislator
11122,Senior statutory board official,1,Managers,11,1114 Senior Officials of Political Party Organisations,senior-statutory-board-official
11140,Senior official of political party organisation,1,Managers,11,"1115 Senior Officials of Employers', Workers' and Other Economic-Interest Organisations",senior-official-of-political-party-organisation
11150,"Senior official of employers', workers' and other economic-interest organisation",1,Managers,11,1116 Senior Officials of Humanitarian and Other Special-Interest Organisations,senior-official-of-employers-workers-and-other-economic-interest-organisation
11160,Senior official of humanitarian and other special-interest organisation,1,Managers,11,"112 MANAGING DIRECTORS, CHIEF EXECUTIVES AND GENERAL MANAGERS 1120 Managing Directors, Chief Executives and General Managers",senior-official-of-humanitarian-and-other-special-interest-organisation
11203,Chief operating officer/General Manager,1,Managers,11,12 ADMINISTRATIVE AND COMMERCIAL MANAGERS 121 BUSINESS SERVICES AND ADMINISTRATION MANAGERS 1211 Finance and Administration Managers,chief-operating-officer-general-manager
12113,Audit manager,1,Managers,12,1212 Human Resource Managers,audit-manager
12123,Training manager,1,Managers,12,"18  Singapore Department of Statistics Singapore Standard Occupational Classification 2020 Major Group 1: Legislators, Senior Officials and Managers 1213 Policy and Planning Managers",training-manager
12133,Risk management manager,1,Managers,12,1219 Business Services and Administration Managers Not Elsewhere Classified,risk-management-manager
12191,Premises and facilities maintenance manager (excluding building security,1,Managers,12,manager),premises-and-facilities-maintenance-manager-excluding-building-security
12199,Other business services and administration managers n.e.c.,1,Managers,12,"122 SALES, MARKETING, DEVELOPMENT AND CUSTOMER SERVICE MANAGERS 1221 Sales, and Business Development Managers",other-business-services-and-administration-managers-n-e-c
12215,Online sales channel manager,1,Managers,12,"1222 Marketing, Advertising and Public Relations Managers",online-sales-channel-manager
12222,Marketing manager,1,Managers,12,1223 Research and Development Managers,marketing-manager
12230,Research and development manager,1,Managers,12,1224 Customer Service and Call Centre Managers,research-and-development-manager
12242,Call centre manager,1,Managers,12,13 PRODUCTION AND SPECIALISED SERVICES MANAGERS 131 PRODUCTION MANAGERS IN AGRICULTURE AND FISHERIES 1310 Production Managers in Agriculture and Fisheries,call-centre-manager
13100,Production manager in agriculture and fisheries,1,Managers,13,"Singapore Department of Statistics Singapore Standard Occupational Classification 2020  19 Major Group 1: Legislators, Senior Officials and Managers 132 MANUFACTURING, CONSTRUCTION, TRANSPORT, DISTRIBUTION AND OTHER PRODUCTION AND OPERATIONS MANAGERS 1321 Manufacturing Managers",production-manager-in-agriculture-and-fisheries
13210,Manufacturing manager,1,Managers,13,1323 Construction Managers,manufacturing-manager
13230,Construction manager,1,Managers,13,"1324 Transport, Supply, Distribution and Related Managers",construction-manager
13245,Port/Shipping operations manager,1,Managers,13,1329 Production and Operations Managers Not Elsewhere Classified,port-shipping-operations-manager
13299,Other production and operations managers n.e.c. (e.g. mining manager),1,Managers,13,133 INFORMATION AND COMMUNICATIONS TECHNOLOGY SERVICE MANAGERS 1330 Information and Communications Technology Service Managers,other-production-and-operations-managers-n-e-c-e-g-mining-manager
13304,ICT service manager,1,Managers,13,"134 PROFESSIONAL, FINANCIAL, COMMUNITY AND SOCIAL SERVICES MANAGERS 1341 Pre-school Education Managers",ict-service-manager
13410,Pre-school education manager,1,Managers,13,1342 Health Services Managers,pre-school-education-manager
13420,Health services manager,1,Managers,13,1343 Aged Care Services Managers,health-services-manager
13430,Aged care services manager,1,Managers,13,1344 Community and Social Service Managers,aged-care-services-manager
13441,Social service manager,1,Managers,13,"20  Singapore Department of Statistics Singapore Standard Occupational Classification 2020 Major Group 1: Legislators, Senior Officials and Managers",social-service-manager
13442,Volunteer manager,1,Managers,13,1345 Education and Training Institution Managers,volunteer-manager
13459,"Other education managers (including registrars, deans of education institutions",1,Managers,13,and heads of training institutions) 1346 Financial and Insurance Services Managers,other-education-managers-including-registrars-deans-of-education-institutions
13463,Financial risk manager,1,Managers,13,"1349 Professional, Financial, Community and Social Services Managers Not Elsewhere Classified",financial-risk-manager
13499,"Other professional, financial, community and social services managers n.e.c.",1,Managers,13,"14 HOSPITALITY, RETAIL AND RELATED SERVICES MANAGERS 141 HOTEL AND FOOD AND BEVERAGES SERVICES MANAGERS 1411 Hotel Operations and Lodging Services Managers",other-professional-financial-community-and-social-services-managers-n-e-c
14110,Hotel operations/Lodging services manager,1,Managers,14,1412 Food and Beverages Services Managers,hotel-operations-lodging-services-manager
14123,Food and beverage operations manager,1,Managers,14,142 RETAIL AND WHOLESALE TRADE MANAGERS 1420 Retail and Wholesale Trade Managers,food-and-beverage-operations-manager
14202,Wholesale trade manager,1,Managers,14,143 OTHER SERVICES MANAGERS 1431 Sports Centre Managers,wholesale-trade-manager
14310,Sports centre manager,1,Managers,14,1432 Recreation Centre Managers,sports-centre-manager
14321,Casino operations manager,1,Managers,14,"Singapore Department of Statistics Singapore Standard Occupational Classification 2020  21 Major Group 1: Legislators, Senior Officials and Managers",casino-operations-manager
14329,Other recreation centre managers,1,Managers,14,1433 Arts and Cultural Centre Managers,other-recreation-centre-managers
14330,Arts and cultural centre manager (including gallery and museum manager),1,Managers,14,1439 Other Services Managers Not Elsewhere Classified,arts-and-cultural-centre-manager-including-gallery-and-museum-manager
14399,Other services managers n.e.c.,1,Managers,14,22  Singapore Department of Statistics Singapore Standard Occupational Classification 2020 Major Group 2 Professionals Major Group 2: Professionals 2 PROFESSIONALS 21 SCIENCE AND ENGINEERING PROFESSIONALS 211 PHYSICAL AND EARTH SCIENCE PROFESSIONALS 2111 Physicists and Astronomers,other-services-managers-n-e-c
21110,Physicist/Astronomer,2,Professionals,21,2112 Meteorologists,physicist-astronomer
21120,Meteorologist,2,Professionals,21,2113 Chemists,meteorologist
21130,Chemist,2,Professionals,21,"2114 Geologists, Geophysicists and Other Physical Science Professionals",chemist
21149,Other physical science professionals,2,Professionals,21,"212 MATHEMATICIANS, ACTUARIES, STATISTICIANS AND OTHER RELATED PROFESSIONALS 2121 Mathematicians, Operations Research Analysts and Actuaries",other-physical-science-professionals
21213,Actuary,2,Professionals,21,2122 Statisticians and Data Scientists,actuary
21222,Data scientist,2,Professionals,21,"2123 Other Statistical, Mathematical and Actuarial Professionals",data-scientist
21239,"Other statistical, mathematical and actuarial professionals",2,Professionals,21,"213 LIFE SCIENCE PROFESSIONALS 2131 Biologists, Botanists, Zoologists and Related Professionals",other-statistical-mathematical-and-actuarial-professionals
21319,"Other biologists, botanists, zoologists and related professionals",2,Professionals,21,"Singapore Department of Statistics Singapore Standard Occupational Classification 2020  23 Major Group 2: Professionals 2132 Farming, Forestry and Fishery Advisers",other-biologists-botanists-zoologists-and-related-professionals
21329,"Other farming, forestry and fishery advisers",2,Professionals,21,2133 Environmental Protection and Related Professionals,other-farming-forestry-and-fishery-advisers
21339,Other environmental protection and related professionals,2,Professionals,21,2134 Pharmacologists and Related Professionals,other-environmental-protection-and-related-professionals
21349,Other pharmacologists and related professionals,2,Professionals,21,214 ENGINEERING PROFESSIONALS I 2141 Industrial and Production Engineers,other-pharmacologists-and-related-professionals
21415,Process engineer,2,Professionals,21,2142 Civil Engineers,process-engineer
21422,Building construction engineer,2,Professionals,21,2143 Environmental Engineers,building-construction-engineer
21430,Environmental engineer,2,Professionals,21,2144 Mechanical Engineers (Excluding Transport and Vehicle Engineers),environmental-engineer
21441,Mechanical engineer,2,Professionals,21,24  Singapore Department of Statistics Singapore Standard Occupational Classification 2020 Major Group 2: Professionals,mechanical-engineer
21444,Port equipment engineer,2,Professionals,21,2145 Chemical Engineers,port-equipment-engineer
21454,Food and drink technologist,2,Professionals,21,"2146 Mining Engineers, Metallurgists and Related Professionals",food-and-drink-technologist
21460,"Mining engineer, metallurgist and related professional",2,Professionals,21,2147 Transport and Vehicle Engineers,mining-engineer-metallurgist-and-related-professional
21475,Rolling stock engineer,2,Professionals,21,2149 Engineering Professionals Not Elsewhere Classified,rolling-stock-engineer
21495,Intellectual property engineer,2,Professionals,21,2425 Intellectual Property Professionals,intellectual-property-engineer
21499,Other engineering professionals n.e.c.,2,Professionals,21,215 ENGINEERING PROFESSIONALS II (Con'td) 2151 Electrical Engineers,other-engineering-professionals-n-e-c
21512,Power generation and distribution engineer,2,Professionals,21,Singapore Department of Statistics Singapore Standard Occupational Classification 2020  25 Major Group 2: Professionals,power-generation-and-distribution-engineer
21513,Lift engineer,2,Professionals,21,2152 Electronics Engineers,lift-engineer
21526,Embedded systems engineer (including port systems engineer),2,Professionals,21,2153 Telecommunications Engineers,embedded-systems-engineer-including-port-systems-engineer
21532,Telecommunications engineer,2,Professionals,21,"216 ARCHITECTS, PLANNERS, SURVEYORS AND DESIGNERS 2161 Building Architects",telecommunications-engineer
21610,Building architect,2,Professionals,21,2162 Landscape Architects and Designers,building-architect
21622,Landscape designer,2,Professionals,21,2163 Fashion and Product Designers,landscape-designer
21632,Product and industrial designer,2,Professionals,21,2164 Urban and Related Planners,product-and-industrial-designer
21649,Other related planners (e.g. traffic planner),2,Professionals,21,2165 Surveyors and Cartographers,other-related-planners-e-g-traffic-planner
21659,Other surveyors and cartographers,2,Professionals,21,2166 Graphic and Multimedia Designers and Artists,other-surveyors-and-cartographers
21662,Multimedia (including games) designer,2,Professionals,21,26  Singapore Department of Statistics Singapore Standard Occupational Classification 2020 Major Group 2: Professionals,multimedia-including-games-designer
21669,Other graphic and multimedia designers and artists,2,Professionals,21,2167 Service Designers,other-graphic-and-multimedia-designers-and-artists
21670,Service designer,2,Professionals,21,217 SHIP AND AIRCRAFT RELATED PROFESSIONALS 2171 Ship Engineers and Related Professionals,service-designer
21714,Marine superintendent,2,Professionals,21,2172 Aircraft Pilots and Related Professionals,marine-superintendent
21729,Other aircraft pilots and related associate professionals,2,Professionals,21,22 HEALTH PROFESSIONALS 221 MEDICAL DOCTORS 2211 Generalist Medical Practitioners,other-aircraft-pilots-and-related-associate-professionals
22110,General practitioner/physician,2,Professionals,22,2212 Specialist Medical Practitioners (Medical),general-practitioner-physician
22128,Psychiatrist,2,Professionals,22,Singapore Department of Statistics Singapore Standard Occupational Classification 2020  27 Major Group 2: Professionals,psychiatrist
22129,"Other specialist medical practitioners (medical) (e.g. endocrinologist, geriatrician,",2,Professionals,22,"haematologist, infectious diseases physician, neurologist, nuclear medicine physician, rehabilitation physician, renal physician, rheumatologist) 2213 Specialist Medical Practitioners (Surgical)",other-specialist-medical-practitioners-medical-e-g-endocrinologist-geriatrician
22139,Other specialist medical practitioners (surgical),2,Professionals,22,2214 Specialist Medical Practitioners (Other Specialisations) - I,other-specialist-medical-practitioners-surgical
22148,"Otorhinolaryngologist/Ear, nose, throat (ENT) specialist",2,Professionals,22,2215 Specialist Medical Practitioners (Other Specialisations) - II (Con'td),otorhinolaryngologist-ear-nose-throat-ent-specialist
22150,Other specialist medical practitioner (other specialisations) (e.g. occupational,2,Professionals,22,"physician, radiation oncologist) 222 NURSING PROFESSIONALS 2220 Nursing Professionals",other-specialist-medical-practitioner-other-specialisations-e-g-occupational
22200,"Registered nurse and other nursing professionals (e.g. clinical nurse, nurse",2,Professionals,22,"educator, excluding enrolled nurse) 223 TRADITIONAL AND COMPLEMENTARY MEDICINE PROFESSIONALS 2230 Traditional and Complementary Medicine Professionals",registered-nurse-and-other-nursing-professionals-e-g-clinical-nurse-nurse
22301,Traditional Chinese medicine practitioner,2,Professionals,22,28  Singapore Department of Statistics Singapore Standard Occupational Classification 2020 Major Group 2: Professionals,traditional-chinese-medicine-practitioner
22302,Traditional Chinese medicine acupuncturist,2,Professionals,22,225 VETERINARIANS 2250 Veterinarians,traditional-chinese-medicine-acupuncturist
22500,Veterinarian,2,Professionals,22,226 OTHER HEALTH PROFESSIONALS 2261 Dentists,veterinarian
22612,Specialised dentist (e.g. orthodontist),2,Professionals,22,2262 Pharmacists,specialised-dentist-e-g-orthodontist
22629,Other pharmacists,2,Professionals,22,2263 Environmental and Occupational Health and Hygiene Professionals,other-pharmacists
22639,Other environmental and occupational health and hygiene professionals,2,Professionals,22,2264 Physiotherapists,other-environmental-and-occupational-health-and-hygiene-professionals
22640,Physiotherapist,2,Professionals,22,2265 Dietitians and Nutritionists,physiotherapist
22652,Nutritionist,2,Professionals,22,2266 Audiologists and Speech Therapists,nutritionist
22662,Speech therapist,2,Professionals,22,2267 Optometrists,speech-therapist
22670,Optometrist,2,Professionals,22,2268 Occupational Therapists,optometrist
22680,Occupational therapist,2,Professionals,22,2269 Other Health Professionals Not Elsewhere Classified,occupational-therapist
22692,Podiatrist,2,Professionals,22,Singapore Department of Statistics Singapore Standard Occupational Classification 2020  29 Major Group 2: Professionals,podiatrist
22699,Other health professionals n.e.c.,2,Professionals,22,"23 TEACHING AND TRAINING PROFESSIONALS 231 UNIVERSITY, POLYTECHNIC AND HIGHER EDUCATION TEACHERS 2310 University, Polytechnic and Higher Education Teachers",other-health-professionals-n-e-c
23109,"Other university, polytechnic and higher education teachers",2,Professionals,23,232 JUNIOR COLLEGE AND PRE-UNIVERSITY EDUCATION TEACHERS 2320 Junior College and Pre-university Education Teachers,other-university-polytechnic-and-higher-education-teachers
23200,Junior college and pre-university teacher (including integrated programme year,2,Professionals,23,5-6 teacher) 233 VOCATIONAL EDUCATION TEACHERS AND TRAINERS 2330 Vocational Education Teachers and Trainers,junior-college-and-pre-university-teacher-including-integrated-programme-year
23300,Technical/Vocational/Commercial education institute teacher and trainer,2,Professionals,23,234 SECONDARY EDUCATION TEACHERS 2340 Secondary Education Teachers,technical-vocational-commercial-education-institute-teacher-and-trainer
23400,Secondary school teacher (including integrated programme year 1-4 teacher),2,Professionals,23,235 PRIMARY EDUCATION TEACHERS 2350 Primary School Teachers,secondary-school-teacher-including-integrated-programme-year-1-4-teacher
23500,Primary school teacher,2,Professionals,23,236 OTHER TEACHING PROFESSIONALS 2361 Education Methods Specialists,primary-school-teacher
23619,Other education methods specialists,2,Professionals,23,2362 Special Education Teachers,other-education-methods-specialists
23622,Early intervention teacher for infants and children,2,Professionals,23,30  Singapore Department of Statistics Singapore Standard Occupational Classification 2020 Major Group 2: Professionals,early-intervention-teacher-for-infants-and-children
23629,Other special education teachers,2,Professionals,23,2369 Other Teaching Professionals Not Elsewhere Classified,other-special-education-teachers
23690,Other teaching professional n.e.c.,2,Professionals,23,24 BUSINESS AND ADMINISTRATION PROFESSIONALS 241 FINANCE PROFESSIONALS 2411 Accountants,other-teaching-professional-n-e-c
24113,Tax accountant,2,Professionals,24,2412 Financial and Investment Advisers,tax-accountant
24122,Business valuer,2,Professionals,24,2413 Financial Analysts and Related Professionals,business-valuer
24131,"Financial analyst (e.g. equities analyst, credit analyst, investment research",2,Professionals,24,analyst),financial-analyst-e-g-equities-analyst-credit-analyst-investment-research
24139,Other financial analysts and related professionals,2,Professionals,24,2414 Securities and Finance Dealers,other-financial-analysts-and-related-professionals
24149,Other finance dealers,2,Professionals,24,2415 Securities and Finance Brokers,other-finance-dealers
24159,Other finance brokers,2,Professionals,24,Singapore Department of Statistics Singapore Standard Occupational Classification 2020  31 Major Group 2: Professionals 2416 Insurance Underwriters,other-finance-brokers
24160,Insurance underwriter,2,Professionals,24,242 ADMINISTRATION PROFESSIONALS 2421 Management and Business Consultants,insurance-underwriter
24213,Business and financial project management professional,2,Professionals,24,2422 Policy Administration Professionals,business-and-financial-project-management-professional
24220,Policy administration professional (e.g. policy analyst),2,Professionals,24,2423 Human Resource Professionals,policy-administration-professional-e-g-policy-analyst
24234,Industrial relations officer,2,Professionals,24,2424 Training and Staff Development Professionals,industrial-relations-officer
24240,Training and staff development professional,2,Professionals,24,2425 Intellectual Property Professionals,training-and-staff-development-professional
24252,Intellectual property examiner,2,Professionals,24,"4.9. In the digital economy, information and communications technology (ICT) security occupations are increasingly common due to the rise in cyber security incidents. The title of the SSOC 2015 (Version 2018)’s Unit Group 2524 ‘Information Technology Security Specialists’ is revised to ‘Cybersecurity Professionals’ and six occupations (five-digit code) have been created to improve the coverage of cybersecurity professionals. 2524 Cybersecurity Professionals",intellectual-property-examiner
24252,Intellectual property examiner,2,Professionals,24,2429 Administration Professionals Not Elsewhere Classified,intellectual-property-examiner
24299,Other administration professionals n.e.c.,2,Professionals,24,243 MARKETING AND PUBLIC RELATIONS PROFESSIONALS 2431 Advertising and Marketing Professionals,other-administration-professionals-n-e-c
24314,"Digital marketing professional (e.g. online, social media, e-commerce marketing",2,Professionals,24,professional),digital-marketing-professional-e-g-online-social-media-e-commerce-marketing
24315,Revenue specialist,2,Professionals,24,2432 Public Relations Professionals 32  Singapore Department of Statistics Singapore Standard Occupational Classification 2020 Major Group 2: Professionals,revenue-specialist
24320,Public relations/Corporate communications professional,2,Professionals,24,2433 Specialised Goods Sales Professionals,public-relations-corporate-communications-professional
24339,Other specialised goods sales professionals,2,Professionals,24,2435 Commodities and Freight Traders,other-specialised-goods-sales-professionals
24353,Ship charterer,2,Professionals,24,2436 Commodities and Ship Brokers,ship-charterer
24362,Ship broker (e.g. charter or sales & purchase),2,Professionals,24,25 INFORMATION AND COMMUNICATIONS TECHNOLOGY (ICT) PROFESSIONALS 251 SOFTWARE AND APPLICATIONS DEVELOPERS AND ANALYSTS 2511 Systems Analysts,ship-broker-e-g-charter-or-sales-purchase
25113,Enterprise/Solution architect,2,Professionals,25,"2512 Software, Web and Multimedia Developers",enterprise-solution-architect
25123,Multimedia (including games) developer,2,Professionals,25,2514 Applications and Systems Programmers,multimedia-including-games-developer
25140,Applications/Systems programmer,2,Professionals,25,2515 Information and Communications Technology (ICT) Testing and Quality Assurance Professionals,applications-systems-programmer
25152,ICT auditor,2,Professionals,25,2519 Software and Applications Developers and Analysts Not Elsewhere Classified Singapore Department of Statistics Singapore Standard Occupational Classification 2020  33 Major Group 2: Professionals,ict-auditor
25190,Software and applications developer and analyst n.e.c.,2,Professionals,25,"252 DATABASE, NETWORK, INFRASTRUCTURE AND CYBERSECURITY PROFESSIONALS 2521 Database Designers and Administrators",software-and-applications-developer-and-analyst-n-e-c
25212,Database architect,2,Professionals,25,"2522 Network, Servers and Computer Systems Administrators",database-architect
25220,"Network, servers and computer systems administrator",2,Professionals,25,"2523 Computer Network, Infrastructure and Platform Professionals",network-servers-and-computer-systems-administrator
25239,"Other computer network, infrastructure and platform professionals",2,Professionals,25,2524 Cybersecurity Professionals,other-computer-network-infrastructure-and-platform-professionals
25249,Other cybersecurity professionals,2,Professionals,25,"Creation of Minor Group 313 ‘Process Control Technicians’ 4.10. Under ISCO-08, operators that are involved in automated control of multiple processes are classified under the Minor Group 313 ‘Process Control Technicians’. Under the SSOC 2015 (Version 2018), such operators are classified together with operators of single process plant and machines in Major Group 8 ‘Plant and Machine Operators and Assemblers’. Singapore Department of Statistics Singapore Standard Occupational Classification 2020  13 4.11. For SSOC 2020, a new Minor Group 313 ‘Process Control Technicians’ has been created, and unit groups or parts of unit groups and occupations related to automated control of multiple processes have been created or shifted from Major Group 8. 313 PROCESS CONTROL TECHNICIANS 3131 Power Generating Plant Operators",other-cybersecurity-professionals
25249,Other cybersecurity professionals,2,Professionals,25,2529 Database and Network Professionals Not Elsewhere Classified,other-cybersecurity-professionals
25299,Database and network professionals n.e.c.,2,Professionals,25,"26 LEGAL, SOCIAL, RELIGIOUS AND CULTURAL PROFESSIONALS 261 LEGAL PROFESSIONALS 2611 Lawyers",database-and-network-professionals-n-e-c
26119,"Other lawyers (e.g. prosecutors, legal counsel in ministries and statutory boards)",2,Professionals,26,2612 Judges,other-lawyers-e-g-prosecutors-legal-counsel-in-ministries-and-statutory-boards
26120,Judge (including registrar in judiciary),2,Professionals,26,2619 Legal Professionals Not Elsewhere Classified 34  Singapore Department of Statistics Singapore Standard Occupational Classification 2020 Major Group 2: Professionals,judge-including-registrar-in-judiciary
26199,Other legal professionals n.e.c.,2,Professionals,26,"262 LIBRARIANS, ARCHIVISTS AND CURATORS 2621 Archivists, Curators and Conservators",other-legal-professionals-n-e-c
26213,Conservator,2,Professionals,26,2622 Librarians and Related Information Professionals,conservator
26229,Other information professionals,2,Professionals,26,263 SOCIAL SCIENCE RESEARCHERS AND PROFESSIONALS; RELIGIOUS PROFESSIONALS 2631 Economists,other-information-professionals
26310,Economist,2,Professionals,26,"2632 Sociologists, Anthropologists and Related Professionals",economist
26322,Social science researcher,2,Professionals,26,"2633 Historians, Political Scientists and Other Social Science Professionals",social-science-researcher
26339,Other social science professionals (e.g. philosopher),2,Professionals,26,2634 Psychologists,other-social-science-professionals-e-g-philosopher
26349,Other psychologists,2,Professionals,26,2635 Social Service Professionals,other-psychologists
26359,Other social service professionals,2,Professionals,26,2636 Religious Professionals Singapore Department of Statistics Singapore Standard Occupational Classification 2020  35 Major Group 2: Professionals,other-social-service-professionals
26369,Other religious professionals,2,Professionals,26,2637 Counselling Professionals,other-religious-professionals
26379,Other counselling professionals,2,Professionals,26,"264 AUTHORS, JOURNALISTS AND EDITORS 2641 Authors and Related Writers",other-counselling-professionals
26419,Other authors and related writers,2,Professionals,26,2642 Journalists,other-authors-and-related-writers
26422,Editor (news and periodicals),2,Professionals,26,"2643 Translators, Interpreters and Other Linguists",editor-news-and-periodicals
26432,Interpreter,2,Professionals,26,265 CREATIVE AND PERFORMING ARTISTS 2651 Visual Artists,interpreter
26519,Other visual artists,2,Professionals,26,"2652 Musicians, Composers and Singers",other-visual-artists
26522,Composer/Orchestrator,2,Professionals,26,36  Singapore Department of Statistics Singapore Standard Occupational Classification 2020 Major Group 2: Professionals,composer-orchestrator
26529,"Other musicians, composers and singers",2,Professionals,26,2653 Dancers and Choreographers,other-musicians-composers-and-singers
26530,Dancer and Choreographer,2,Professionals,26,"2654 Film, Stage and Related Directors and Producers",dancer-and-choreographer
26549,"Other film, stage and related directors and producers",2,Professionals,26,2655 Actors,other-film-stage-and-related-directors-and-producers
26550,Actor,2,Professionals,26,2656 Radio and Television Presenters and Related Professionals,actor
26569,Other radio and television presenters and related professionals,2,Professionals,26,Singapore Department of Statistics Singapore Standard Occupational Classification 2020  37 Major Group 3 Associate Professionals and Technicians Major Group 3: Associate Professionals and Technicians 3 ASSOCIATE PROFESSIONALS AND TECHNICIANS 31 PHYSICAL AND ENGINEERING SCIENCE ASSOCIATE PROFESSIONALS 310 ASSISTANT ENGINEERS 3100 Assistant Engineers,other-radio-and-television-presenters-and-related-professionals
31009,Other assistant engineers,3,Technicians and Associate Professionals,31,311 PHYSICAL AND ENGINEERING SCIENCE TECHNICIANS I 3111 Chemical and Physical Science Technicians,other-assistant-engineers
31119,Other chemical and physical science technicians,3,Technicians and Associate Professionals,31,3112 Civil Engineering Technicians,other-chemical-and-physical-science-technicians
31129,Other civil engineering and related technicians,3,Technicians and Associate Professionals,31,3113 Electrical Engineering Technicians,other-civil-engineering-and-related-technicians
31132,Lift technician,3,Technicians and Associate Professionals,31,3114 Electronics Engineering Technicians,lift-technician
31144,Instrumentation technician,3,Technicians and Associate Professionals,31,38  Singapore Department of Statistics Singapore Standard Occupational Classification 2020 Major Group 3: Associate Professionals and Technicians 3115 Mechanical Engineering Technicians (Excluding Transport and Vehicle Engineering Technicians),instrumentation-technician
31153,Machining/Tooling technician,3,Technicians and Associate Professionals,31,3116 Chemical Engineering Technicians,machining-tooling-technician
31164,Food science technician,3,Technicians and Associate Professionals,31,3117 Manufacturing Engineering Technicians,food-science-technician
31175,Quality assurance technician,3,Technicians and Associate Professionals,31,3118 Draughtsmen,quality-assurance-technician
31189,Other draughtsmen (e.g. cartographical draughtsman),3,Technicians and Associate Professionals,31,312 PHYSICAL AND ENGINEERING SCIENCE TECHNICIANS II 3121 Transport and Vehicle Engineering Technicians,other-draughtsmen-e-g-cartographical-draughtsman
31214,Rolling stock engineering technician,3,Technicians and Associate Professionals,31,3129 Physical and Engineering Science Technicians Not Elsewhere Classified,rolling-stock-engineering-technician
31291,Mechatronics technician,3,Technicians and Associate Professionals,31,Singapore Department of Statistics Singapore Standard Occupational Classification 2020  39 Major Group 3: Associate Professionals and Technicians,mechatronics-technician
31299,Other physical and engineering science technicians n.e.c.,3,Technicians and Associate Professionals,31,313 PROCESS CONTROL TECHNICIANS 3131 Power Generating Plant Operators,other-physical-and-engineering-science-technicians-n-e-c
31310,Power production plant operator,3,Technicians and Associate Professionals,31,"3132 Incineration Plant, Water Treatment and Related Machine Operators",power-production-plant-operator
31310,Power generating plant operator,3,Technicians and Associate Professionals,31,3132 Incinerator and Water Treatment Plant and Related Machine Operators,power-generating-plant-operator
31329,"Other incineration plant, water treatment and related",3,Technicians and Associate Professionals,31,machine operators 3133 Chemical Processing Plant Controllers,other-incineration-plant-water-treatment-and-related
31329,Other incinerator and water treatment plant and related machine operators,3,Technicians and Associate Professionals,31,3133 Chemical Processing Plant Controllers,other-incinerator-and-water-treatment-plant-and-related-machine-operators
31332,Pharmaceutical products machine controller,3,Technicians and Associate Professionals,31,3134 Petroleum and Natural Gas Refining Plant Operators,pharmaceutical-products-machine-controller
31332,Pharmaceutical products machine controller,3,Technicians and Associate Professionals,31,3134 Petroleum and Natural Gas Refining Plant Operators,pharmaceutical-products-machine-controller
31342,Cylinder filler/tester (compressed and liquefied gases),3,Technicians and Associate Professionals,31,3135 Metal Production Process Controllers,cylinder-filler-tester-compressed-and-liquefied-gases
31342,Cylinder filler/tester (compressed and liquefied gases),3,Technicians and Associate Professionals,31,3135 Metal Production Process Controllers,cylinder-filler-tester-compressed-and-liquefied-gases
31350,Metal production process controller,3,Technicians and Associate Professionals,31,3139 Process Control Technicians Not Elsewhere Classified,metal-production-process-controller
31350,Metal production process controller,3,Technicians and Associate Professionals,31,3139 Process Control Technicians Not Elsewhere Classified,metal-production-process-controller
31399,Other process control technicians n.e.c.,3,Technicians and Associate Professionals,31,"Classification of Delivery Workers 4.12. In SSOC 2020, ‘Mail Carriers and Sorting Workers’ is classified under code 4412 ‘Mail Carriers and Sorting clerks’ to align with ISCO-08 for ease of international comparability. The scope of mail carriers and sorting workers is limited to cover only those who perform sorting, recording, delivery and other duties in connection with mail services from post offices and their contractors. In this case, mail refers to letters, packages etc. that are sent or delivered by means of postal system. 4.13. Non-mail delivery workers are classified to either Major Group 8 or 9 depending on the mode of transport used to undertake the delivery. 14  Singapore Department of Statistics Singapore Standard Occupational Classification 2020 Removal of Boundary for Engineering Professionals 4.14. Under SSOC 2015 (Version 2018), like ISCO-08, the minor groups for engineers are split into 214 ‘Engineering Professionals (Excluding Electrotechnology)’ and 215 ‘Electrotechnology Engineers’. As this creates boundary issues for cross-discipline engineering occupations, Minor Groups 214 and 215 have been renamed to ‘Engineering Professionals I’ and ‘Engineering Professionals II’ respectively in SSOC 2020. Improvements to Alphabetical Index 4.15. More than 1,800 new and unique job titles have been added to facilitate the use of the alphabetical index for coding purposes. 2,900 entries that are repetitions, with words arranged in different order, have been removed. For example, ‘Attendant, library’ has been removed as it is a repetition of ‘Library attendant’. 5. Linking SSOC with Singapore Skills Framework2 5.1. To facilitate analysis and comparison between the Singapore Skills Framework related information and SSOC, the job roles under the Singapore Skills Framework have been mapped to relevant SSOC codes. New SSOC codes have been created and changes to the SSOC scope and titles have been made to improve the linkage between SSOC and Singapore Skills Framework. The Singapore Skills Framework’ job roles have also been included in the SSOC 2020’s alphabetical index to facilitate search. 5.2. Nonetheless, it should be noted that Singapore Skills Framework and SSOC are not directly comparable due to differences in construct and purpose. SSOC is a statistical classification that is adapted from ISCO to ensure international comparability and covers all occupations whereas Singapore Skills Framework provides information on sectors, career pathways, occupations and job roles outlining critical work functions and key tasks, skills and competencies and relevant training programmes on various sectors. 2 The Singapore Skills Framework is an integral component of the Singapore’s Industry Transformation Maps. It aims to create a common skills language for individuals, employers and training providers, which facilitates skills recognition and support the design of training programmes for skills and career development, enhance business competitiveness and support employment and employability. As at end- June 2019, there were 33 Skills Frameworks and over 1,628 job roles. Singapore Department of Statistics Singapore Standard Occupational Classification 2020  15 6. How to Locate an Occupation in the SSOC 6.1. There are two simple ways to find the appropriate SSOC code in SSOC 2020: (a) Refer to the Alphabetical Index to look for the job title by which the occupation is known, and confirm the choice of SSOC code by reading the detailed definition. Consideration should be given to possible synonyms and abbreviations of the words in the job title; or (b) Refer to the classification structure to classify the job broadly, either at the sub-major, minor group or unit group level before narrowing down to the most appropriate five-digit code at the occupational level. The choice of SSOC code should be confirmed by reading the detailed definition. 16  Singapore Department of Statistics Singapore Standard Occupational Classification 2020 Part II: Classification Structure of SSOC 2020 Part II: Classification Structure of SSOC 2020 Singapore Department of Statistics Singapore Standard Occupational Classification 2020  17 Major Group 1 Legislators, Senior Officials and Managers Major Group 1: Legislators, Senior Officials and Managers 1 LEGISLATORS, SENIOR OFFICIALS AND MANAGERS 11 LEGISLATORS, SENIOR OFFICIALS AND CHIEF EXECUTIVES 111 LEGISLATORS AND SENIOR OFFICIALS 1111 Legislators",other-process-control-technicians-n-e-c
31399,Other process control technicians n.e.c.,3,Technicians and Associate Professionals,31,314 LIFE SCIENCE TECHNICIANS AND RELATED ASSOCIATE PROFESSIONALS 3141 Life Science Technicians (Except Medical),other-process-control-technicians-n-e-c
31411,Biological technician,3,Technicians and Associate Professionals,31,40  Singapore Department of Statistics Singapore Standard Occupational Classification 2020 Major Group 3: Associate Professionals and Technicians,biological-technician
31419,Other life science technicians,3,Technicians and Associate Professionals,31,"3142 Agronomy, Horticultural and Farming Technicians",other-life-science-technicians
31423,Farming technician (animal production),3,Technicians and Associate Professionals,31,315 SHIP AND AIRCRAFT CONTROLLERS AND TECHNICIANS 3151 Ship Engineering Officers,farming-technician-animal-production
31510,"Marine engineering officer (including third, fourth and fifth engineer)",3,Technicians and Associate Professionals,31,3152 Ships' Deck Officers and Pilots,marine-engineering-officer-including-third-fourth-and-fifth-engineer
31529,Other ships' deck officers and pilots,3,Technicians and Associate Professionals,31,3154 Air Traffic Controllers,other-ships-deck-officers-and-pilots
31540,Air traffic controller,3,Technicians and Associate Professionals,31,3156 Sea Traffic Controllers,air-traffic-controller
31560,Sea traffic controller,3,Technicians and Associate Professionals,31,3157 Transport Operations Supervisors,sea-traffic-controller
31579,Other transport operations supervisors,3,Technicians and Associate Professionals,31,3159 Transport Controllers and Related Workers Not Elsewhere Classified,other-transport-operations-supervisors
31596,Train operations officer,3,Technicians and Associate Professionals,31,Singapore Department of Statistics Singapore Standard Occupational Classification 2020  41 Major Group 3: Associate Professionals and Technicians,train-operations-officer
31599,Other transport controllers and related workers n.e.c.,3,Technicians and Associate Professionals,31,316 PREMISES AND PARKS OFFICERS 3160 Premises and Parks Officers,other-transport-controllers-and-related-workers-n-e-c
31603,Parks officer,3,Technicians and Associate Professionals,31,"317 BUILDING, QUALITY AND SAFETY INSPECTORS 3171 Building and Fire Inspectors",parks-officer
31719,Other building and fire inspectors,3,Technicians and Associate Professionals,31,3172 Quality and Safety Inspectors,other-building-and-fire-inspectors
31720,"Safety inspector (vehicles, processes and products)",3,Technicians and Associate Professionals,31,32 HEALTH ASSOCIATE PROFESSIONALS 321 MEDICAL AND PHARMACEUTICAL TECHNICIANS 3211 Medical Imaging and Therapeutic Equipment Technicians,safety-inspector-vehicles-processes-and-products
32119,"Other medical imaging, therapeutic equipment technicians and related associate",3,Technicians and Associate Professionals,32,professionals 3212 Medical and Pathology Laboratory Technicians,other-medical-imaging-therapeutic-equipment-technicians-and-related-associate
32120,Medical and pathology laboratory technician,3,Technicians and Associate Professionals,32,3213 Pharmacy Technicians,medical-and-pathology-laboratory-technician
32130,Pharmacy technician,3,Technicians and Associate Professionals,32,3214 Medical and Dental Prosthetic Technicians,pharmacy-technician
32143,Dental technician,3,Technicians and Associate Professionals,32,322 NURSING ASSOCIATE PROFESSIONALS 3220 Nursing Associate Professionals,dental-technician
32200,Enrolled/Assistant nurse (excluding registered nurse),3,Technicians and Associate Professionals,32,42  Singapore Department of Statistics Singapore Standard Occupational Classification 2020 Major Group 3: Associate Professionals and Technicians 323 TRADITIONAL AND COMPLEMENTARY MEDICINE ASSOCIATE PROFESSIONALS 3230 Traditional and Complementary Medicine Associate Professionals,enrolled-assistant-nurse-excluding-registered-nurse
32300,Traditional and complementary medicine associate professional (e.g. homeopath,3,Technicians and Associate Professionals,32,and naturopath) 324 VETERINARY TECHNICIANS AND ASSISTANTS 3240 Veterinary Technicians and Assistants,traditional-and-complementary-medicine-associate-professional-e-g-homeopath
32400,Veterinary technician/assistant,3,Technicians and Associate Professionals,32,325 OTHER HEALTH ASSOCIATE PROFESSIONALS 3251 Oral Health Therapists,veterinary-technician-assistant
32510,Oral health therapist (e.g. dental therapists and dental hygienists),3,Technicians and Associate Professionals,32,3253 Community Health Workers,oral-health-therapist-e-g-dental-therapists-and-dental-hygienists
32530,Community health worker,3,Technicians and Associate Professionals,32,3254 Opticians,community-health-worker
32540,Optician,3,Technicians and Associate Professionals,32,3255 Physiotherapy Technicians and Related Associate Professionals,optician
32559,Other physiotherapy technicians and related associated professionals,3,Technicians and Associate Professionals,32,3257 Environmental and Occupational Health Inspectors,other-physiotherapy-technicians-and-related-associated-professionals
32572,Occupational health and safety inspector,3,Technicians and Associate Professionals,32,3259 Health Associate Professionals Not Elsewhere Classified,occupational-health-and-safety-inspector
32599,Other health associate professionals n.e.c.,3,Technicians and Associate Professionals,32,33 BUSINESS AND ADMINISTRATION ASSOCIATE PROFESSIONALS 331 FINANCIAL AND MATHEMATICAL ASSOCIATE PROFESSIONALS 3312 Credit and Loans Officers,other-health-associate-professionals-n-e-c
33129,Other credit and loans officers,3,Technicians and Associate Professionals,33,3313 Accounting Associate Professionals,other-credit-and-loans-officers
33132,Audit associate professional,3,Technicians and Associate Professionals,33,Singapore Department of Statistics Singapore Standard Occupational Classification 2020  43 Major Group 3: Associate Professionals and Technicians,audit-associate-professional
33133,Tax associate professional,3,Technicians and Associate Professionals,33,3315 Valuers and Loss Assessors,tax-associate-professional
33153,Intangible asset valuer (e.g. Intellectual property valuation analyst),3,Technicians and Associate Professionals,33,332 SALES AND RELATED ASSOCIATE PROFESSIONALS 3321 Insurance Representatives and Related Associate Professionals,intangible-asset-valuer-e-g-intellectual-property-valuation-analyst
33219,Other insurance representatives and related associate professionals,3,Technicians and Associate Professionals,33,3322 Commercial and Marketing Sales Executives,other-insurance-representatives-and-related-associate-professionals
33229,Other commercial and marketing sales executives,3,Technicians and Associate Professionals,33,3323 Buyers and Purchasing Agents,other-commercial-and-marketing-sales-executives
33232,Purchasing agent,3,Technicians and Associate Professionals,33,3329 Sales and Related Associate Professionals Not Elsewhere Classified,purchasing-agent
33299,Sales and related associate professionals n.e.c.,3,Technicians and Associate Professionals,33,"333 BUSINESS SERVICES AGENTS 3331 Shipping, Clearing and Forwarding Agents",sales-and-related-associate-professionals-n-e-c
33313,Freight inspector,3,Technicians and Associate Professionals,33,3332 Conference and Event Planners,freight-inspector
33320,Exhibition/Conference/Event planner (including wedding planner/coordinator),3,Technicians and Associate Professionals,33,3333 Employment Agents and Labour Contractors 44  Singapore Department of Statistics Singapore Standard Occupational Classification 2020 Major Group 3: Associate Professionals and Technicians,exhibition-conference-event-planner-including-wedding-planner-coordinator
33330,Employment agent/Labour contractor,3,Technicians and Associate Professionals,33,3334 Real Estate Agents,employment-agent-labour-contractor
33340,Real estate agent,3,Technicians and Associate Professionals,33,3339 Business Services Agents Not Elsewhere Classified,real-estate-agent
33399,"Other business services agents n.e.c. (e.g. sports agent, artiste agent)",3,Technicians and Associate Professionals,33,334 ADMINISTRATIVE ASSOCIATE PROFESSIONALS 3346 Logistics and Maintenance Planners,other-business-services-agents-n-e-c-e-g-sports-agent-artiste-agent
33462,Maintenance planner,3,Technicians and Associate Professionals,33,3349 Administrative and Related Associate Professionals Not Elsewhere Classified,maintenance-planner
33499,Other administrative and related associate professionals n.e.c.,3,Technicians and Associate Professionals,33,335 GOVERNMENT ASSOCIATE PROFESSIONALS 3351 Customs and Immigration Officers,other-administrative-and-related-associate-professionals-n-e-c
33510,Customs/Immigration officer,3,Technicians and Associate Professionals,33,3355 Police Inspectors,customs-immigration-officer
33552,Auxiliary police officer supervisor,3,Technicians and Associate Professionals,33,3359 Government Associate Professionals Not Elsewhere Classified,auxiliary-police-officer-supervisor
33599,Other government associate professionals n.e.c.,3,Technicians and Associate Professionals,33,336 TRANSPORT OPERATIONS PLANNERS AND EXECUTIVES Singapore Department of Statistics Singapore Standard Occupational Classification 2020  45 Major Group 3: Associate Professionals and Technicians 3361 Transport Equipment Project Executives,other-government-associate-professionals-n-e-c
33619,Other transport equipment project executives,3,Technicians and Associate Professionals,33,"34 LEGAL, SOCIAL, CULTURAL AND RELATED ASSOCIATE PROFESSIONALS 341 LEGAL AND SOCIAL ASSOCIATE PROFESSIONALS 3411 Legal Associate Professionals",other-transport-equipment-project-executives
34110,Legal associate professional (e.g. paralegal),3,Technicians and Associate Professionals,34,3412 Social Work Associate Professionals,legal-associate-professional-e-g-paralegal
34123,Volunteer executive,3,Technicians and Associate Professionals,34,342 SPORTS AND FITNESS WORKERS 3421 Athletes and Sportsmen,volunteer-executive
34210,Athlete/Sportsman,3,Technicians and Associate Professionals,34,"3422 Sports Coaches, Instructors, Officials and Other Related Associate Professionals",athlete-sportsman
34229,Other related instructors and associate professionals (e.g. adventure training,3,Technicians and Associate Professionals,34,instructor and scuba diving instructor) 343 ARTISTIC AND CULTURAL ASSOCIATE PROFESSIONALS 3431 Photographers,other-related-instructors-and-associate-professionals-e-g-adventure-training
34310,Photographer,3,Technicians and Associate Professionals,34,3432 Interior Designers and Decorators,photographer
34323,Visual merchandiser,3,Technicians and Associate Professionals,34,"46  Singapore Department of Statistics Singapore Standard Occupational Classification 2020 Major Group 3: Associate Professionals and Technicians 3433 Gallery, Museum and Library Technicians",visual-merchandiser
34332,"Gallery, museum and related technician",3,Technicians and Associate Professionals,34,3434 Chefs,gallery-museum-and-related-technician
34343,Pastry Chef,3,Technicians and Associate Professionals,34,3439 Artistic and Cultural Associate Professionals Not Elsewhere Classified,pastry-chef
34399,Other artistic and cultural associate professionals n.e.c.,3,Technicians and Associate Professionals,34,344 CREATIVE AND PERFORMING ARTS ASSOCIATE PROFESSIONALS 3440 Creative and Performing Arts Associate Professionals,other-artistic-and-cultural-associate-professionals-n-e-c
34409,Other creative and performing arts associate professionals,3,Technicians and Associate Professionals,34,35 INFORMATION AND COMMUNICATIONS TECHNICIANS 351 INFORMATION AND COMMUNICATIONS TECHNOLOGY OPERATORS AND TECHNICIANS 3511 Computer Systems Operators,other-creative-and-performing-arts-associate-professionals
35110,Computer systems operator,3,Technicians and Associate Professionals,35,3512 Computer Technicians,computer-systems-operator
35129,Other computer technicians,3,Technicians and Associate Professionals,35,3514 Website Administrators,other-computer-technicians
35140,Website administrator/Webmaster,3,Technicians and Associate Professionals,35,352 TELECOMMUNICATIONS AND BROADCASTING TECHNICIANS AND AUDIO- VISUAL OPERATORS 3521 Broadcasting Technicians and Audio-Visual Operators,website-administrator-webmaster
35212,Video camera operator,3,Technicians and Associate Professionals,35,Singapore Department of Statistics Singapore Standard Occupational Classification 2020  47 Major Group 3: Associate Professionals and Technicians,video-camera-operator
35219,Other broadcasting technicians and audio-visual operators (e.g. microphone,3,Technicians and Associate Professionals,35,operator) 3522 Telecommunications Engineering Technicians,other-broadcasting-technicians-and-audio-visual-operators-e-g-microphone
35220,Telecommunications technician,3,Technicians and Associate Professionals,35,3523 Telecommunications Equipment Operators,telecommunications-technician
35239,Other telecommunications equipment operators,3,Technicians and Associate Professionals,35,3529 Optical and Electronic Equipment Operators Not Elsewhere Classified,other-telecommunications-equipment-operators
35290,Optical and electronic equipment operator n.e.c.,3,Technicians and Associate Professionals,35,36 TEACHING ASSOCIATE PROFESSIONALS 361 PRE-PRIMARY EDUCATION TEACHERS 3610 Pre-Primary Education Teachers,optical-and-electronic-equipment-operator-n-e-c
36100,Pre-primary education teacher,3,Technicians and Associate Professionals,36,362 EXTRACURRICULUM INSTRUCTORS 3620 Extracurriculum Instructors,pre-primary-education-teacher
36209,Other extracurriculum instructors,3,Technicians and Associate Professionals,36,369 TEACHING ASSOCIATE PROFESSIONALS NOT ELSEWHERE CLASSIFIED 3691 Private Tutors,other-extracurriculum-instructors
36910,Private tutor (academic),3,Technicians and Associate Professionals,36,3699 Teaching Associate Professionals Not Elsewhere Classified,private-tutor-academic
36991,Relief teacher,3,Technicians and Associate Professionals,36,48  Singapore Department of Statistics Singapore Standard Occupational Classification 2020 Major Group 3: Associate Professionals and Technicians,relief-teacher
36999,Other teaching associate professionals n.e.c.,3,Technicians and Associate Professionals,36,39 OTHER ASSOCIATE PROFESSIONALS NOT ELSEWHERE CLASSIFIED 399 OTHER ASSOCIATE PROFESSIONALS NOT ELSEWHERE CLASSIFIED 3991 Religious Associate Professionals,other-teaching-associate-professionals-n-e-c
39910,Non-ordained religious associate professional,3,Technicians and Associate Professionals,39,Singapore Department of Statistics Singapore Standard Occupational Classification 2020  49 Major Group 4 Clerical Support Workers Major Group 4: Clerical Support Workers 4 CLERICAL SUPPORT WORKERS 40 CLERICAL SUPERVISORS 400 CLERICAL SUPERVISORS 4000 Clerical Supervisors,non-ordained-religious-associate-professional
40000,Office supervisor,4,Clerical Support Workers,40,41 GENERAL AND KEYBOARD CLERKS 411 GENERAL OFFICE CLERKS 4110 General Office Clerks,office-supervisor
41109,Other administrative clerks (e.g. public relations clerk),4,Clerical Support Workers,41,412 SECRETARIES AND VERBATIM REPORTERS 4120 Secretaries and Verbatim Reporters,other-administrative-clerks-e-g-public-relations-clerk
41202,Verbatim reporter,4,Clerical Support Workers,41,413 KEYBOARD OPERATORS 4131 Typists and Word Processing Operators,verbatim-reporter
41310,Typists and word processing operator,4,Clerical Support Workers,41,4132 Data Entry Clerks,typists-and-word-processing-operator
41320,Data entry clerk,4,Clerical Support Workers,41,"42 CUSTOMER SERVICES OFFICERS AND CLERKS 421 TELLERS, MONEY COLLECTORS AND RELATED CLERKS 4211 Bank Tellers and Other Counter Clerks",data-entry-clerk
42119,Other tellers and counter clerks,4,Clerical Support Workers,42,4213 Pawnbrokers and Moneylenders,other-tellers-and-counter-clerks
42132,Moneylender,4,Clerical Support Workers,42,50  Singapore Department of Statistics Singapore Standard Occupational Classification 2020 Major Group 4: Clerical Support Workers 4214 Bill Collectors and Related Workers,moneylender
42149,Other bill collectors and related workers,4,Clerical Support Workers,42,422 CLIENT INFORMATION CLERKS 4221 Travel Agency and Related Clerks,other-bill-collectors-and-related-workers
42210,Travel consultant/Reservation executive,4,Clerical Support Workers,42,4223 Telephone Operators,travel-consultant-reservation-executive
42230,Telephone operator,4,Clerical Support Workers,42,"4224 Receptionists, Customer Service and Information Clerks",telephone-operator
42249,Other receptionists and information clerks,4,Clerical Support Workers,42,4229 Client Information Clerks Not Elsewhere Classified,other-receptionists-and-information-clerks
42290,Client information clerk n.e.c.,4,Clerical Support Workers,42,43 NUMERICAL AND MATERIAL-RECORDING CLERKS 431 NUMERICAL CLERKS 4311 Accounting and Bookkeeping Clerks,client-information-clerk-n-e-c
43119,Other accounting clerks (e.g. cost clerk),4,Clerical Support Workers,43,4312 Finance and Insurance Clerks Singapore Department of Statistics Singapore Standard Occupational Classification 2020  51 Major Group 4: Clerical Support Workers,other-accounting-clerks-e-g-cost-clerk
43129,Other finance and insurance clerks (e.g. credit clerk),4,Clerical Support Workers,43,4314 Statistical Clerks,other-finance-and-insurance-clerks-e-g-credit-clerk
43142,Enumerator/Market research interviewer,4,Clerical Support Workers,43,4315 Computer Operations Clerks,enumerator-market-research-interviewer
43159,Other computer operations clerks,4,Clerical Support Workers,43,432 MATERIAL-RECORDING AND TRANSPORT CLERKS 4321 Stock Clerks,other-computer-operations-clerks
43219,Other stock clerks,4,Clerical Support Workers,43,4322 Production Clerks,other-stock-clerks
43229,Other production clerks,4,Clerical Support Workers,43,4323 Transport Clerks,other-production-clerks
43239,Other transport clerks,4,Clerical Support Workers,43,44 OTHER CLERICAL SUPPORT WORKERS 441 OTHER CLERICAL SUPPORT WORKERS 4411 Library Clerks,other-transport-clerks
44110,Library clerk,4,Clerical Support Workers,44,4412 Mail Carriers and Sorting Workers,library-clerk
44121,Postal service supervisor,4,Clerical Support Workers,44,52  Singapore Department of Statistics Singapore Standard Occupational Classification 2020 Major Group 4: Clerical Support Workers,postal-service-supervisor
44129,Other mail distribution workers (e.g. mail sorter),4,Clerical Support Workers,44,4417 Legal Clerks,other-mail-distribution-workers-e-g-mail-sorter
44170,Legal clerk,4,Clerical Support Workers,44,4419 Clerical Support Workers Not Elsewhere Classified,legal-clerk
44199,Other clerical support workers n.e.c.,4,Clerical Support Workers,44,"Singapore Department of Statistics Singapore Standard Occupational Classification 2020  53 Major Group 5 Service and Sales Workers Major Group 5: Service and Sales Workers 5 SERVICE AND SALES WORKERS 51 PERSONAL SERVICE WORKERS 511 TRAVEL ATTENDANTS, CONDUCTORS AND GUIDES 5111 Travel Attendants and Stewards",other-clerical-support-workers-n-e-c
51112,Cabin attendant/steward,5,Service and Sales Workers,51,5112 Transport Service Inspectors and Related Workers,cabin-attendant-steward
51129,Other transport service inspectors and related workers,5,Service and Sales Workers,51,5113 Tour and Other Guides,other-transport-service-inspectors-and-related-workers
51132,Attractions guide,5,Service and Sales Workers,51,512 COOKS 5120 Cooks,attractions-guide
51202,"Senior cook (e.g. station chef, commis cook 1, station cook)",5,Service and Sales Workers,51,513 WAITERS AND BARTENDERS 5131 Waiters,senior-cook-e-g-station-chef-commis-cook-1-station-cook
51313,Sommelier,5,Service and Sales Workers,51,5132 Bartenders and Baristas,sommelier
51322,Barista,5,Service and Sales Workers,51,5133 Bar/Lounge Hostesses,barista
51330,Bar/Lounge hostess,5,Service and Sales Workers,51,5139 Waiters and Bartenders Not Elsewhere Classified,bar-lounge-hostess
51390,Waiter and bartender n.e.c. (e.g. food checker (catering services)),5,Service and Sales Workers,51,"514 HAIRDRESSERS, BEAUTICIANS AND RELATED WORKERS 54  Singapore Department of Statistics Singapore Standard Occupational Classification 2020 Major Group 5: Service and Sales Workers 5141 Hairdressers, Barbers and Other Related Workers",waiter-and-bartender-n-e-c-e-g-food-checker-catering-services
51419,Other hair care workers (e.g. hair therapist/consultant),5,Service and Sales Workers,51,5142 Beauticians and Related Workers,other-hair-care-workers-e-g-hair-therapist-consultant
51423,"Make-up artist (stage, film and studio)",5,Service and Sales Workers,51,5149 Wellness Related Workers Not Elsewhere Classified,make-up-artist-stage-film-and-studio
51499,Other wellness related workers n.e.c.,5,Service and Sales Workers,51,515 HOUSEKEEPERS AND RELATED WORKERS 5150 Housekeepers and Related Workers,other-wellness-related-workers-n-e-c
51509,Other housekeepers and related workers,5,Service and Sales Workers,51,"517 BOOKMAKERS, CROUPIERS AND RELATED GAMING WORKERS 5170 Bookmakers, Croupiers and Related Gaming Workers",other-housekeepers-and-related-workers
51701,"Gaming supervisor (e.g. pit manager/supervisor, slot manager/supervisor and",5,Service and Sales Workers,51,casino shift manager/supervisor),gaming-supervisor-e-g-pit-manager-supervisor-slot-manager-supervisor-and
51702,Bookmaker/Croupier/Casino dealer and related gaming worker,5,Service and Sales Workers,51,"519 PERSONAL SERVICE WORKERS NOT ELSEWHERE CLASSIFIED 5191 Astrologers, Fortune-tellers and Related Workers",bookmaker-croupier-casino-dealer-and-related-gaming-worker
51910,Astrologer/Fortune teller and related worker,5,Service and Sales Workers,51,5193 Undertakers and Embalmers,astrologer-fortune-teller-and-related-worker
51932,Embalmer,5,Service and Sales Workers,51,"Singapore Department of Statistics Singapore Standard Occupational Classification 2020  55 Major Group 5: Service and Sales Workers 5194 Pet Groomers, Animal Keepers and Trainers",embalmer
51949,Other animal/bird keepers and animal care workers,5,Service and Sales Workers,51,5195 Driving Instructors,other-animal-bird-keepers-and-animal-care-workers
51950,Driving instructor/tester,5,Service and Sales Workers,51,5199 Personal Service Workers Not Elsewhere Classified,driving-instructor-tester
51999,Other personal service workers n.e.c.,5,Service and Sales Workers,51,52 SALES WORKERS 521 STALL SALES WORKERS 5211 Hawker/Stall Holders (Excluding Prepared Food or Drinks),other-personal-service-workers-n-e-c
52110,Hawker/Stall holder (excluding prepared food or drinks),5,Service and Sales Workers,52,5212 Hawker/Stall Holders (Prepared Food or Drinks),hawker-stall-holder-excluding-prepared-food-or-drinks
52120,Hawker/Stall holder (prepared food or drinks),5,Service and Sales Workers,52,5213 Newsvendors,hawker-stall-holder-prepared-food-or-drinks
52130,Newsvendor,5,Service and Sales Workers,52,5219 Stall Sales Workers Not Elsewhere Classified,newsvendor
52190,Other stall sales worker,5,Service and Sales Workers,52,522 SHOP SALESPERSONS 5220 Shop and Store Salespersons,other-stall-sales-worker
52202,Shop sales assistant,5,Service and Sales Workers,52,523 CASHIERS AND TICKET CLERKS 5230 Cashiers and Ticket Clerks,shop-sales-assistant
52303,Office cashier,5,Service and Sales Workers,52,56  Singapore Department of Statistics Singapore Standard Occupational Classification 2020 Major Group 5: Service and Sales Workers,office-cashier
52309,"Other cashiers, ticket and related clerks",5,Service and Sales Workers,52,"524 MODELS, SALES DEMONSTRATORS AND OTHER SALES WORKERS 5241 Fashion and Other Models",other-cashiers-ticket-and-related-clerks
52419,Other models (e.g. artist's model),5,Service and Sales Workers,52,5242 Sales Demonstrators and Door-to-Door Salespersons,other-models-e-g-artist-s-model
52422,Salesperson (door-to-door),5,Service and Sales Workers,52,5244 Contact Centre Salespersons,salesperson-door-to-door
52440,Telemarketer,5,Service and Sales Workers,52,5249 Sales Workers Not Elsewhere Classified,telemarketer
52499,Sales workers n.e.c. (e.g. ship chandler),5,Service and Sales Workers,52,53 PERSONAL CARE WORKERS 531 CHILD CARE WORKERS AND TEACHER AIDES 5311 Child Care and Related Workers,sales-workers-n-e-c-e-g-ship-chandler
53115,Educarer,5,Service and Sales Workers,53,5312 Teacher Aides,educarer
53120,Teacher aide,5,Service and Sales Workers,53,532 HEALTHCARE ASSISTANTS AND OTHER PERSONAL CARE WORKERS 5320 Healthcare Assistants and Other Personal Care Workers,teacher-aide
53209,"Other personal care workers (e.g. old folks' home, nursing home, home care)",5,Service and Sales Workers,53,Singapore Department of Statistics Singapore Standard Occupational Classification 2020  57 Major Group 5: Service and Sales Workers 54 PROTECTIVE SERVICES WORKERS 541 PROTECTIVE SERVICES WORKERS 5411 Fire-Fighting and Rescue Officers,other-personal-care-workers-e-g-old-folks-home-nursing-home-home-care
54110,Fire-fighting and rescue officer,5,Service and Sales Workers,54,5412 Police Officers,fire-fighting-and-rescue-officer
54123,Auxiliary police officer,5,Service and Sales Workers,54,5413 Prison Officers,auxiliary-police-officer
54130,Prison officer,5,Service and Sales Workers,54,5414 Security Guards,prison-officer
54144,Private security officer,5,Service and Sales Workers,54,5415 Lifeguards,private-security-officer
54150,Lifeguard,5,Service and Sales Workers,54,5419 Protective Services and Related Workers Not Elsewhere Classified,lifeguard
54199,Other protective services and related workers n.e.c.,5,Service and Sales Workers,54,59 SERVICE WORKERS NOT ELSEWHERE CLASSIFIED 590 SERVICE WORKERS NOT ELSEWHERE CLASSIFIED 5900 Service Workers Not Elsewhere Classified,other-protective-services-and-related-workers-n-e-c
59000,Service worker n.e.c.,5,Service and Sales Workers,59,58  Singapore Department of Statistics Singapore Standard Occupational Classification 2020 Major Group 6 Agricultural and Fishery Workers Major Group 6: Agricultural and Fishery Workers 6 AGRICULTURAL AND FISHERY WORKERS 61 AGRICULTURAL WORKERS 611 MARKET GARDENERS AND CROP GROWERS 6111 Vegetable Farm Workers,service-worker-n-e-c
61110,Vegetable farm worker,6,"Skilled Agricultural, Forestry, and Fishery Workers",61,6113 Gardeners; Horticultural and Nursery Growers,vegetable-farm-worker
61133,Gardeners and horticultural worker,6,"Skilled Agricultural, Forestry, and Fishery Workers",61,612 ANIMAL PRODUCERS 6121 Livestock and Dairy Farm Workers,gardeners-and-horticultural-worker
61210,Livestock/Dairy farm worker,6,"Skilled Agricultural, Forestry, and Fishery Workers",61,6122 Poultry Farm Workers,livestock-dairy-farm-worker
61222,Poultry inseminator,6,"Skilled Agricultural, Forestry, and Fishery Workers",61,619 AGRICULTURAL WORKERS NOT ELSEWHERE CLASSIFIED 6190 Agricultural Workers Not Elsewhere Classified,poultry-inseminator
61900,Agricultural worker n.e.c.,6,"Skilled Agricultural, Forestry, and Fishery Workers",61,62 FISHERY WORKERS 622 FISHERY WORKERS 6221 Aquaculture Workers,agricultural-worker-n-e-c
62219,Other aquatic life cultivation workers (e.g. oyster farm worker),6,"Skilled Agricultural, Forestry, and Fishery Workers",62,6222 Coastal Waters and Deep Sea Fishery Workers,other-aquatic-life-cultivation-workers-e-g-oyster-farm-worker
62220,Coastal waters/Deep sea fishery worker,6,"Skilled Agricultural, Forestry, and Fishery Workers",62,"Singapore Department of Statistics Singapore Standard Occupational Classification 2020  59 Major Group 7 Craftsmen and Related Trades Workers Major Group 7: Craftsmen and Related Trades Workers 7 CRAFTSMEN AND RELATED TRADES WORKERS 71 BUILDING AND RELATED TRADES WORKERS, EXCLUDING ELECTRICIANS 710 SUPERVISORS AND GENERAL FOREMEN (BUILDING AND RELATED TRADES) 7100 Supervisors and General Foremen (Building and Related Trades)",coastal-waters-deep-sea-fishery-worker
71000,Supervisor/General foreman (building and related trades),7,Craft and Related Trades Workers,71,711 BUILDING FRAME AND RELATED TRADES WORKERS 7112 Bricklayers and Related Workers,supervisor-general-foreman-building-and-related-trades
71120,Bricklayer/Blocklayer,7,Craft and Related Trades Workers,71,"7113 Stone Cutters, Splitters, Carvers and Stonemasons",bricklayer-blocklayer
71130,"Stone cutter, splitter, carver and stonemason",7,Craft and Related Trades Workers,71,"7114 Concrete Placers, Concrete Finishers and Related Workers",stone-cutter-splitter-carver-and-stonemason
71149,"Other concrete placers, concrete finishers and related workers",7,Craft and Related Trades Workers,71,7115 Carpenters and Joiners,other-concrete-placers-concrete-finishers-and-related-workers
71152,Joiner,7,Craft and Related Trades Workers,71,7119 Building Frame and Related Trades Workers Not Elsewhere Classified,joiner
71199,Other building frame and related trades workers n.e.c. (e.g. steeplejack),7,Craft and Related Trades Workers,71,712 BUILDING FINISHERS AND RELATED TRADES WORKERS 7121 Roofers,other-building-frame-and-related-trades-workers-n-e-c-e-g-steeplejack
71210,Roofer,7,Craft and Related Trades Workers,71,7122 Floor Layers and Tile Setters,roofer
71220,Floor/Wall tiler,7,Craft and Related Trades Workers,71,7123 Plasterers,floor-wall-tiler
71230,Plasterer,7,Craft and Related Trades Workers,71,7124 Insulation Workers,plasterer
71241,Refrigeration/Air-conditioning equipment insulator,7,Craft and Related Trades Workers,71,60  Singapore Department of Statistics Singapore Standard Occupational Classification 2020 Major Group 7: Craftsmen and Related Trades Workers,refrigeration-air-conditioning-equipment-insulator
71249,Other insulation workers,7,Craft and Related Trades Workers,71,7125 Glaziers,other-insulation-workers
71250,Glazier,7,Craft and Related Trades Workers,71,"7126 Plumbers, Pipe Fitters and Related Workers",glazier
71263,Pipe/Drain layer,7,Craft and Related Trades Workers,71,7127 Air-Conditioning and Refrigeration Mechanics,pipe-drain-layer
71272,Air-conditioning/Refrigeration plant installer,7,Craft and Related Trades Workers,71,7129 Building Finishers and Related Trades Workers Not Elsewhere Classified,air-conditioning-refrigeration-plant-installer
71290,Building finisher and related trades worker n.e.c.,7,Craft and Related Trades Workers,71,"713 PAINTERS, BUILDING STRUCTURE CLEANERS AND RELATED WORKERS 7131 Building Painters and Related Workers",building-finisher-and-related-trades-worker-n-e-c
71312,Wall/Ceiling paperhanger,7,Craft and Related Trades Workers,71,"7132 Spray Painters, Varnishers and Other Painters",wall-ceiling-paperhanger
71329,Other painters and related workers,7,Craft and Related Trades Workers,71,"7133 Building Maintenance Workers, Building Structure Cleaners and Related Workers",other-painters-and-related-workers
71332,Building structure cleaner and related worker,7,Craft and Related Trades Workers,71,"72 METAL, MACHINERY AND RELATED TRADES WORKERS 720 SUPERVISORS AND GENERAL FOREMEN (METAL, MACHINERY AND RELATED TRADES) 7200 Supervisors and General Foremen (Metal, Machinery and Related Trades)",building-structure-cleaner-and-related-worker
72000,"Supervisor/General foreman (metal, machinery and related trades)",7,Craft and Related Trades Workers,72,"Singapore Department of Statistics Singapore Standard Occupational Classification 2020  61 Major Group 7: Craftsmen and Related Trades Workers 721 SHEET AND STRUCTURAL METAL WORKERS, MOULDERS AND WELDERS AND RELATED TRADES WORKERS 7211 Metal Moulders and Coremakers",supervisor-general-foreman-metal-machinery-and-related-trades
72110,Metal moulder and coremaker,7,Craft and Related Trades Workers,72,7212 Welders and Flame Cutters,metal-moulder-and-coremaker
72120,Welder and flame cutter,7,Craft and Related Trades Workers,72,7213 Sheet Metal Workers,welder-and-flame-cutter
72130,Sheet metal worker,7,Craft and Related Trades Workers,72,7214 Structural Metal Preparers and Erectors,sheet-metal-worker
72140,Structural metal preparer and erector,7,Craft and Related Trades Workers,72,7215 Riggers and Cable Splicers,structural-metal-preparer-and-erector
72150,Rigger and cable splicer,7,Craft and Related Trades Workers,72,"722 BLACKSMITHS, TOOLMAKERS AND RELATED TRADES WORKERS 7221 Blacksmiths, Hammersmiths and Forging-Press Workers",rigger-and-cable-splicer
72210,"Blacksmith, hammersmith and forging-press worker",7,Craft and Related Trades Workers,72,7222 Toolmakers and Related Workers,blacksmith-hammersmith-and-forging-press-worker
72229,Other toolmakers and related workers,7,Craft and Related Trades Workers,72,"7224 Metal Polishers, Wheel Grinders and Tool Sharpeners",other-toolmakers-and-related-workers
72240,"Metal polisher, wheel grinder and tool sharpener",7,Craft and Related Trades Workers,72,"723 MACHINERY MECHANICS, FITTERS AND REPAIRERS 7231 Automotive Mechanics",metal-polisher-wheel-grinder-and-tool-sharpener
72310,Automotive mechanic,7,Craft and Related Trades Workers,72,7232 Aircraft Engine Mechanics and Repairers,automotive-mechanic
72320,Aircraft engine mechanic and repairer,7,Craft and Related Trades Workers,72,7233 Rolling Stock Mechanics,aircraft-engine-mechanic-and-repairer
72330,Rolling stock mechanic,7,Craft and Related Trades Workers,72,7234 Bicycle and Related Repairers,rolling-stock-mechanic
72340,Bicycle and related repairer,7,Craft and Related Trades Workers,72,7235 Marine Engine Mechanics and Repairers 62  Singapore Department of Statistics Singapore Standard Occupational Classification 2020 Major Group 7: Craftsmen and Related Trades Workers,bicycle-and-related-repairer
72350,Marine engine mechanic and repairer,7,Craft and Related Trades Workers,72,7239 Other Machinery Mechanics and Repairers,marine-engine-mechanic-and-repairer
72399,Other machinery mechanics and repairers n.e.c. (e.g. agricultural machinery,7,Craft and Related Trades Workers,72,"mechanic) 73 PRECISION, HANDICRAFT, PRINTING AND RELATED TRADES WORKERS 730 SUPERVISORS AND GENERAL FOREMEN (PRECISION, HANDICRAFT, PRINTING AND RELATED TRADES) 7300 Supervisors and General Foremen (Precision, Handicraft, Printing and Related Trades)",other-machinery-mechanics-and-repairers-n-e-c-e-g-agricultural-machinery
73000,"Supervisor/General foreman (precision, handicraft, printing and related trades)",7,Craft and Related Trades Workers,73,731 HANDICRAFT AND PRECISION WORKERS 7311 Precision Instrument Makers and Repairers,supervisor-general-foreman-precision-handicraft-printing-and-related-trades
73119,Other precision instrument makers and repairers,7,Craft and Related Trades Workers,73,"7312 Musical Instrument Makers, Repairers and Tuners",other-precision-instrument-makers-and-repairers
73120,Musical instrument maker/repairer/tuner,7,Craft and Related Trades Workers,73,7313 Jewellery and Precious Metal Workers,musical-instrument-maker-repairer-tuner
73130,Jewellery and precious metal worker,7,Craft and Related Trades Workers,73,7314 Potters and Related Workers,jewellery-and-precious-metal-worker
73140,Potter and related worker,7,Craft and Related Trades Workers,73,"7315 Glass Makers, Cutters, Grinders and Finishers",potter-and-related-worker
73150,"Glass maker, cutter, grinder and finisher",7,Craft and Related Trades Workers,73,"7316 Sign Writers, Decorative Painters, Engravers and Etchers",glass-maker-cutter-grinder-and-finisher
73160,"Sign writer, decorative painter, engraver and etcher",7,Craft and Related Trades Workers,73,732 PRINTING TRADES WORKERS 7321 Pre-Press Trades Workers,sign-writer-decorative-painter-engraver-and-etcher
73210,Pre-press trades worker,7,Craft and Related Trades Workers,73,7322 Printers Singapore Department of Statistics Singapore Standard Occupational Classification 2020  63 Major Group 7: Craftsmen and Related Trades Workers,pre-press-trades-worker
73220,Printer,7,Craft and Related Trades Workers,73,74 ELECTRICAL AND ELECTRONIC TRADES WORKERS 740 SUPERVISORS AND GENERAL FOREMEN (ELECTRICAL AND ELECTRONIC TRADES) 7400 Supervisors and General Foremen (Electrical and Electronic Trades),printer
74002,"Supervisor/General foreman (electrical and electronic trades, excluding lift)",7,Craft and Related Trades Workers,74,741 ELECTRICAL EQUIPMENT RELATED TRADES WORKERS 7411 Electricians,supervisor-general-foreman-electrical-and-electronic-trades-excluding-lift
74110,Electrician,7,Craft and Related Trades Workers,74,7412 Electrical Mechanics and Fitters,electrician
74123,Electrical household appliance repairer,7,Craft and Related Trades Workers,74,7413 Electrical Line Installers and Repairers,electrical-household-appliance-repairer
74133,Underground electrical line installer and repairer,7,Craft and Related Trades Workers,74,742 ELECTRONICS AND TELECOMMUNICATIONS RELATED TRADES WORKERS 7421 Electronics Mechanics and Servicers,underground-electrical-line-installer-and-repairer
74212,Consumer audio and video equipment mechanic,7,Craft and Related Trades Workers,74,7422 Information and Communications Technology Installers and Servicers,consumer-audio-and-video-equipment-mechanic
74224,Telecommunications installer/servicer,7,Craft and Related Trades Workers,74,"75 FOOD PROCESSING, WOODWORKING, GARMENT, LEATHER AND OTHER CRAFT AND RELATED TRADES WORKERS 750 SUPERVISORS AND GENERAL FOREMEN (FOOD PROCESSING, WOODWORKING, GARMENT, LEATHER AND RELATED) 7500 Supervisors and General Foremen (Food Processing, Woodworking, Garment, Leather and Related Trades). 64  Singapore Department of Statistics Singapore Standard Occupational Classification 2020 Major Group 7: Craftsmen and Related Trades Workers",telecommunications-installer-servicer
75000,"Supervisor/General foreman (food processing, woodworking, garment, leather",7,Craft and Related Trades Workers,75,"and related trades). 751 FOOD PROCESSING AND RELATED TRADES WORKERS 7511 Butchers, Fishmongers and Related Food Preparers",supervisor-general-foreman-food-processing-woodworking-garment-leather
75110,"Butcher, fishmonger and related food preparer",7,Craft and Related Trades Workers,75,"7512 Bakers, Pastry and Confectionery Makers",butcher-fishmonger-and-related-food-preparer
75122,Pastry and confectionery maker,7,Craft and Related Trades Workers,75,7515 Food and Beverage Tasters and Graders,pastry-and-confectionery-maker
75150,Food and beverage taster and grader,7,Craft and Related Trades Workers,75,7519 Food Processing and Related Trades Workers Not Elsewhere Classified,food-and-beverage-taster-and-grader
75190,Food processing and related trades worker n.e.c. (e.g. fruit pickler),7,Craft and Related Trades Workers,75,"752 WOOD TREATERS, CABINET MAKERS AND RELATED TRADES WORKERS 7521 Wood Treaters",food-processing-and-related-trades-worker-n-e-c-e-g-fruit-pickler
75210,Wood treater,7,Craft and Related Trades Workers,75,7522 Cabinet Makers and Wood Related Trades Workers,wood-treater
75220,Cabinet maker and wood related trades worker,7,Craft and Related Trades Workers,75,7529 Furniture Makers and Related Trades Workers Not Elsewhere Classified,cabinet-maker-and-wood-related-trades-worker
75290,Furniture maker and related trades worker n.e.c.,7,Craft and Related Trades Workers,75,"753 GARMENT, LEATHER AND RELATED TRADES WORKERS 7531 Tailors/Dressmakers",furniture-maker-and-related-trades-worker-n-e-c
75310,Tailor/Dressmaker,7,Craft and Related Trades Workers,75,7532 Garment and Related Pattern-Makers and Cutters,tailor-dressmaker
75320,Garment and related pattern-maker and cutter,7,Craft and Related Trades Workers,75,7534 Upholsterers and Related Workers,garment-and-related-pattern-maker-and-cutter
75340,Upholsterer and related worker,7,Craft and Related Trades Workers,75,7536 Shoemakers and Related Workers,upholsterer-and-related-worker
75369,Other shoemakers and related workers,7,Craft and Related Trades Workers,75,Singapore Department of Statistics Singapore Standard Occupational Classification 2020  65 Major Group 7: Craftsmen and Related Trades Workers 7539 Garment and Related Trades Workers Not Elsewhere Classified,other-shoemakers-and-related-workers
75390,"Garment and related trades worker n.e.c. (e.g. fellmonger, tent sewer, umbrella",7,Craft and Related Trades Workers,75,maker) 754 OTHER CRAFT AND RELATED WORKERS 7541 Underwater Divers,garment-and-related-trades-worker-n-e-c-e-g-fellmonger-tent-sewer-umbrella
75410,Underwater diver,7,Craft and Related Trades Workers,75,7544 Fumigator and Other Pest and Weed Controllers,underwater-diver
75440,Fumigator and other pest and weed controller,7,Craft and Related Trades Workers,75,7549 Craft and Related Workers Not Elsewhere Classified,fumigator-and-other-pest-and-weed-controller
75490,Craft and related worker n.e.c.,7,Craft and Related Trades Workers,75,66  Singapore Department of Statistics Singapore Standard Occupational Classification 2020 Major Group 8 Plant and Machine Operators and Assemblers Major Group 8: Plant and Machine Operators and Assemblers 8 PLANT AND MACHINE OPERATORS AND ASSEMBLERS 81 STATIONARY PLANT AND MACHINE OPERATORS 810 STATIONARY PLANT AND MACHINE SUPERVISORS AND GENERAL FOREMEN 8100 Stationary Plant and Machine Supervisors and General Foremen,craft-and-related-worker-n-e-c
81000,Stationary plant and machine supervisor/general foreman,8,Plant and Machine Operators and Assemblers,81,811 MINING AND MINERAL PROCESSING PLANT OPERATORS 8113 Well Drillers and Borers and Other Mining Related Workers,stationary-plant-and-machine-supervisor-general-foreman
81130,Well driller and borer and other mining related worker,8,Plant and Machine Operators and Assemblers,81,8114 Cement and Other Mineral Products Machine Operators,well-driller-and-borer-and-other-mining-related-worker
81140,Cement and other mineral products machine operator,8,Plant and Machine Operators and Assemblers,81,"812 METAL PROCESSING, FINISHING AND PRODUCTS PLANT OPERATORS 8121 Metal Melters, Casters and Rolling Mill Operators",cement-and-other-mineral-products-machine-operator
81210,"Metal melter, caster and rolling mill operator",8,Plant and Machine Operators and Assemblers,81,8122 Metal Heat Treating Plant Operators,metal-melter-caster-and-rolling-mill-operator
81220,Metal heat treating plant operator,8,Plant and Machine Operators and Assemblers,81,8123 Metal Drawers and Extruders,metal-heat-treating-plant-operator
81230,Metal drawer and extruder,8,Plant and Machine Operators and Assemblers,81,"8124 Metal Finishing, Plating and Coating Machine Operators",metal-drawer-and-extruder
81240,"Metal finishing, plating and coating machine operator",8,Plant and Machine Operators and Assemblers,81,8125 Machine-Tool Setter-Operators,metal-finishing-plating-and-coating-machine-operator
81259,Other machine-tool setter-operators,8,Plant and Machine Operators and Assemblers,81,"813 CHEMICAL PROCESSING, CHEMICAL AND PHOTOGRAPHIC PRODUCTS PLANT AND MACHINE OPERATORS 8131 Chemical Processing and Products Plant and Machine Operators",other-machine-tool-setter-operators
81312,Pharmaceutical products machine operator,8,Plant and Machine Operators and Assemblers,81,8132 Photographic Products Machine Operators,pharmaceutical-products-machine-operator
81320,Photographic products machine operator,8,Plant and Machine Operators and Assemblers,81,"Singapore Department of Statistics Singapore Standard Occupational Classification 2020  67 Major Group 8: Plant and Machine Operators and Assemblers 8139 Chemical Processing, Chemical and Photographic Products Plant and Machine Operators Not Elsewhere Classified",photographic-products-machine-operator
81390,"Chemical processing, chemical and photographic products plant and machine",8,Plant and Machine Operators and Assemblers,81,"operator n.e.c. 814 RUBBER, PLASTIC AND PAPER PRODUCTS MACHINE OPERATORS 8141 Rubber Products Machine Operators",chemical-processing-chemical-and-photographic-products-plant-and-machine
81410,Rubber products machine operator,8,Plant and Machine Operators and Assemblers,81,8142 Plastic Products Machine Operators,rubber-products-machine-operator
81420,Plastic products machine operator,8,Plant and Machine Operators and Assemblers,81,8143 Paper and Paperboard Products Machine Operators,plastic-products-machine-operator
81430,Paper and paperboard products machine operator,8,Plant and Machine Operators and Assemblers,81,"815 TEXTILE, FUR AND LEATHER PRODUCTS MACHINE OPERATORS 8150 Textile, Fur and Leather Products Machine Operators",paper-and-paperboard-products-machine-operator
81509,"Other textile, fur and leather products machine operators (e.g. shoemaking and",8,Plant and Machine Operators and Assemblers,81,related machine operators) 816 FOOD AND RELATED PRODUCTS MACHINE OPERATORS 8160 Food and Related Products Machine Operators,other-textile-fur-and-leather-products-machine-operators-e-g-shoemaking-and
81609,Other food and related products machine operators,8,Plant and Machine Operators and Assemblers,81,817 WOOD PROCESSING AND PAPERMAKING PLANT OPERATORS 8170 Wood Processing and Papermaking Plant Operators,other-food-and-related-products-machine-operators
81700,Wood processing and papermaking plant operator,8,Plant and Machine Operators and Assemblers,81,818 OTHER STATIONARY PLANT AND MACHINE OPERATORS 8181 Glass and Ceramics Plant Operators,wood-processing-and-papermaking-plant-operator
81819,Other glass and ceramics plant operators,8,Plant and Machine Operators and Assemblers,81,68  Singapore Department of Statistics Singapore Standard Occupational Classification 2020 Major Group 8: Plant and Machine Operators and Assemblers 8182 Steam Engine and Boiler Operators,other-glass-and-ceramics-plant-operators
81829,"Other steam turbine, boiler and engine operators",8,Plant and Machine Operators and Assemblers,81,"8183 Packing, Bottling and Labelling Machine Operators",other-steam-turbine-boiler-and-engine-operators
81830,Packing/Bottling/Labelling machine operator,8,Plant and Machine Operators and Assemblers,81,"8184 Printing, Binding and Related Machine Operators",packing-bottling-labelling-machine-operator
81849,"Other printing, binding and related machine operators",8,Plant and Machine Operators and Assemblers,81,8189 Stationary Plant and Machine Operators Not Elsewhere Classified,other-printing-binding-and-related-machine-operators
81890,Stationary plant and machine operator n.e.c.,8,Plant and Machine Operators and Assemblers,81,82 ASSEMBLERS AND QUALITY CHECKERS 820 SUPERVISORS AND GENERAL FOREMEN OF ASSEMBLERS 8200 Supervisors and General Foremen of Assemblers and Quality Checkers,stationary-plant-and-machine-operator-n-e-c
82000,Supervisor/general foreman of assemblers and quality checkers,8,Plant and Machine Operators and Assemblers,82,"821 ASSEMBLERS, QUALITY CHECKERS AND TESTERS 8211 Mechanical Machinery Assemblers",supervisor-general-foreman-of-assemblers-and-quality-checkers
82110,Mechanical equipment/component assembler,8,Plant and Machine Operators and Assemblers,82,8212 Electrical and Electronic Equipment Assemblers,mechanical-equipment-component-assembler
82123,Battery assembler,8,Plant and Machine Operators and Assemblers,82,8213 Quality Checkers and Testers,battery-assembler
82139,Other quality checkers and testers,8,Plant and Machine Operators and Assemblers,82,8219 Assemblers Not Elsewhere Classified,other-quality-checkers-and-testers
82190,Assembler n.e.c.,8,Plant and Machine Operators and Assemblers,82,83 DRIVERS AND MOBILE MACHINERY OPERATORS Singapore Department of Statistics Singapore Standard Occupational Classification 2020  69 Major Group 8: Plant and Machine Operators and Assemblers 830 MOBILE MACHINERY SUPERVISORS AND GENERAL FOREMEN 8300 Mobile Machinery Supervisors and General Foremen,assembler-n-e-c
83000,Mobile machinery supervisor and general foreman,8,Plant and Machine Operators and Assemblers,83,831 TRAIN OPERATORS AND RELATED WORKERS 8311 Train Operators,mobile-machinery-supervisor-and-general-foreman
83110,Train operator,8,Plant and Machine Operators and Assemblers,83,8312 Railway Brakers and Related Workers,train-operator
83129,Other railway brakers and related workers,8,Plant and Machine Operators and Assemblers,83,832 CAR AND LIGHT GOODS VEHICLE DRIVERS 8321 Motorcycle (Including Motorised Personal Mobility Devices) Delivery Men,other-railway-brakers-and-related-workers
83212,Delivery man using motorised personal mobility aids/devices,8,Plant and Machine Operators and Assemblers,83,"8322 Car, Taxi, Van and Light Goods Vehicle Drivers",delivery-man-using-motorised-personal-mobility-aids-devices
83229,Other car and light goods vehicle drivers,8,Plant and Machine Operators and Assemblers,83,833 HEAVY TRUCK AND BUS DRIVERS 8331 Bus and Tram Drivers,other-car-and-light-goods-vehicle-drivers
83312,Tram driver,8,Plant and Machine Operators and Assemblers,83,8332 Heavy Truck and Lorry Drivers,tram-driver
83324,Waste truck driver (including hooklift trucks with roll-on containers),8,Plant and Machine Operators and Assemblers,83,70  Singapore Department of Statistics Singapore Standard Occupational Classification 2020 Major Group 8: Plant and Machine Operators and Assemblers,waste-truck-driver-including-hooklift-trucks-with-roll-on-containers
83329,Other heavy truck and lorry drivers,8,Plant and Machine Operators and Assemblers,83,834 MOBILE MACHINERY OPERATORS 8342 Earth Moving and Related Machinery Operators,other-heavy-truck-and-lorry-drivers
83429,Other earth moving and related machinery operators,8,Plant and Machine Operators and Assemblers,83,"8343 Crane, Hoist and Related Equipment Operators",other-earth-moving-and-related-machinery-operators
83439,"Other crane, hoist and related equipment operators",8,Plant and Machine Operators and Assemblers,83,8344 Lifting Truck Operators,other-crane-hoist-and-related-equipment-operators
83449,Other lifting truck operators,8,Plant and Machine Operators and Assemblers,83,8349 Mobile Machinery Operators Not Elsewhere Classified,other-lifting-truck-operators
83499,Mobile machinery operators n.e.c. (e.g. mobile farm plant operator),8,Plant and Machine Operators and Assemblers,83,835 SHIPS' DECK CREW AND RELATED WORKERS 8350 Ships' Deck Crew and Related Workers,mobile-machinery-operators-n-e-c-e-g-mobile-farm-plant-operator
83509,Other ships' deck crew and related workers,8,Plant and Machine Operators and Assemblers,83,"Singapore Department of Statistics Singapore Standard Occupational Classification 2020  71 Major Group 9 Cleaners, Labourers and Related Workers Major Group 9: Cleaners, Labourers and Related Workers 9 CLEANERS, LABOURERS AND RELATED WORKERS 91 CLEANERS AND RELATED WORKERS 910 CLEANING SUPERVISORS 9100 Cleaning Supervisors",other-ships-deck-crew-and-related-workers
91000,Cleaning supervisor,9,Elementary Occupations,91,"911 CLEANERS AND HELPERS IN HOTELS, OFFICES AND OTHER ESTABLISHMENTS 9112 Cleaners and Helpers in Hotels and Related Establishments",cleaning-supervisor
91129,Other cleaners and helpers in hotels and related establishments,9,Elementary Occupations,91,"9113 Cleaners in Offices, Commercial and Industrial Establishments",other-cleaners-and-helpers-in-hotels-and-related-establishments
91133,"Office, commercial and industrial establishments multi-skilled cleaner cum",9,Elementary Occupations,91,machine operator 9115 Cleaners in Food and Beverage Establishments,office-commercial-and-industrial-establishments-multi-skilled-cleaner-cum
91154,Food and beverage establishments multi-skilled cleaner cum machine operator,9,Elementary Occupations,91,9116 Cleaners in Residential and Open Areas,food-and-beverage-establishments-multi-skilled-cleaner-cum-machine-operator
91162,Residential and open areas multi-skilled cleaner cum machine operator,9,Elementary Occupations,91,"912 VEHICLE, WINDOW, LAUNDRY AND OTHER HAND CLEANING WORKERS 9121 Hand Launderers and Pressers",residential-and-open-areas-multi-skilled-cleaner-cum-machine-operator
91210,Hand launderer/presser (non-household),9,Elementary Occupations,91,9122 Vehicle Cleaners,hand-launderer-presser-non-household
91220,Motor vehicle cleaner/polisher,9,Elementary Occupations,91,9123 Window Cleaners,motor-vehicle-cleaner-polisher
91230,Window cleaner,9,Elementary Occupations,91,"72  Singapore Department of Statistics Singapore Standard Occupational Classification 2020 Major Group 9: Cleaners, Labourers and Related Workers 9129 Cleaning Workers Not Elsewhere Classified",window-cleaner
91299,Other cleaning workers n.e.c.,9,Elementary Occupations,91,913 DOMESTIC HELPERS AND CLEANERS 9130 Domestic Helpers and Cleaners,other-cleaning-workers-n-e-c
91300,Domestic helper and cleaner,9,Elementary Occupations,91,"92 AGRICULTURAL, FISHERY AND RELATED LABOURERS 921 AGRICULTURAL, FISHERY AND RELATED LABOURERS 9214 Park, Garden and Landscape Maintenance Workers",domestic-helper-and-cleaner
92149,Other park and garden maintenance workers,9,Elementary Occupations,92,"9219 Agricultural, Fishery Labourers and Related Workers Not Elsewhere Classified",other-park-and-garden-maintenance-workers
92190,Agricultural and fishery labourer and related worker n.e.c. (e.g. farm labourer),9,Elementary Occupations,92,93 LABOURERS AND RELATED WORKERS 931 CONSTRUCTION LABOURERS AND RELATED WORKERS 9310 Civil Engineering and Building Construction Labourers,agricultural-and-fishery-labourer-and-related-worker-n-e-c-e-g-farm-labourer
93100,Civil engineering/Building construction labourer,9,Elementary Occupations,93,932 MANUFACTURING LABOURERS AND RELATED WORKERS 9320 Manufacturing Labourers and Related Workers,civil-engineering-building-construction-labourer
93209,Other manufacturing labourers and related workers (e.g. rubber sheets clipper,9,Elementary Occupations,93,and sorter) 933 TRANSPORT AND STORAGE LABOURERS 9331 Hand and Pedal Vehicle Drivers,other-manufacturing-labourers-and-related-workers-e-g-rubber-sheets-clipper
93310,Hand/Pedal vehicle driver,9,Elementary Occupations,93,9333 Material and Freight Handling Workers,hand-pedal-vehicle-driver
93332,Railway/Road vehicle loader,9,Elementary Occupations,93,"Singapore Department of Statistics Singapore Standard Occupational Classification 2020  73 Major Group 9: Cleaners, Labourers and Related Workers",railway-road-vehicle-loader
93339,Other material and freight handling workers,9,Elementary Occupations,93,94 FOOD PREPARATION AND KITCHEN ASSISTANTS 941 FOOD PREPARATION AND KITCHEN ASSISTANTS 9410 Food Preparation and Kitchen Assistants,other-material-and-freight-handling-workers
94104,"Tea server/steward (excluding bartender, barista and food/drink stall assistant)",9,Elementary Occupations,94,"96 WASTE COLLECTION, RECYCLING AND MATERIAL RECOVERY WORKERS AND OTHER ELEMENTARY WORKERS 960 WASTE AND RECYCLABLES COLLECTION SUPERVISORS 9600 Waste Collection, Recycling, and Material Recovery Supervisors",tea-server-steward-excluding-bartender-barista-and-food-drink-stall-assistant
96000,"Waste collection, recycling and material recovery supervisor",9,Elementary Occupations,96,"961 WASTE COLLECTION, RECYCLING AND MATERIAL RECOVERY WORKERS 9611 Waste Collection, Recycling and Material Recovery Workers",waste-collection-recycling-and-material-recovery-supervisor
96119,"Other waste collection, recycling and material recovery workers",9,Elementary Occupations,96,"962 PORTERS, ATTENDANTS AND RELATED WORKERS 9621 Porters and Related Workers",other-waste-collection-recycling-and-material-recovery-workers
96213,Porter (except hotel),9,Elementary Occupations,96,9625 Attendants,porter-except-hotel
96251,Office/Library attendant,9,Elementary Occupations,96,"74  Singapore Department of Statistics Singapore Standard Occupational Classification 2020 Major Group 9: Cleaners, Labourers and Related Workers",office-library-attendant
96255,"Sports and recreational attendant (e.g. golf marshal, golf caddie, fun fair",9,Elementary Occupations,96,"attendant, bowling alley attendant, swimming pool attendant)",sports-and-recreational-attendant-e-g-golf-marshal-golf-caddie-fun-fair
96259,Other attendants,9,Elementary Occupations,96,9626 Watchmen and Related Workers,other-attendants
96269,Other watchmen and related workers (e.g. lighthouse keeper),9,Elementary Occupations,96,9627 Concierge and Related Workers,other-watchmen-and-related-workers-e-g-lighthouse-keeper
96272,Concierge (hotel),9,Elementary Occupations,96,9629 Elementary Workers Not Elsewhere Classified,concierge-hotel
96299,Other elementary workers n.e.c.,9,Elementary Occupations,96,"Singapore Department of Statistics Singapore Standard Occupational Classification 2020  75 Major Group X Workers Not Elsewhere Classified Major Group X: Workers Not Elsewhere Classified X WORKERS NOT ELSEWHERE CLASSIFIED X1000 Worker reporting unidentifiable or inadequately described occupation X2000 Worker not reporting any occupation X3000 Singapore armed forces personnel X4000 Foreign armed forces personnel X5000 Foreign diplomatic personnel 76  Singapore Department of Statistics Singapore Standard Occupational Classification 2020 Acknowledgements Singapore Department of Statistics Mr Tang Hsiu Chin (Director, Policy Planning Division) Dr Soon Teck Wong (Consultant, Economic Accounts Division) Mr Kenneth Goh (Deputy Director, Policy Planning Division) Mr Khoo Soon Lee (Deputy Director, Policy Planning Division) Ms Wong Yuet Mei (Deputy Director, Policy Planning Division) Mr Ng Yuan Chang (Deputy Director, Policy Planning Division) Ms Cai Wanwei (Assistant Director, Policy Planning Division) Mr Tang Tu Yong (Statistician, Policy Planning Division) Ms Estee Amanda Tan (Assistant Manager, Policy Planning Division) Ms Teo Wan Choo (Senior Assistant Director, Income and Expenditure Division) Mr Kelvin Teh Gim Peng (Assistant Director, Prices Division) Mr Tham Zheng Kang (Assistant Director, Income and Expenditure Division) Ms Feng Huimin (Statistician, Census Office) Ms Cheryl Heng Siyun (Statistician, Census Office) Ms Jasmine Lee (Statistician, Business Statistics Division) Ms Pearl Lim I-Min (Statistician, Strategic Resource and Population Division) Mr Tan Kian Heng (Lead Manager, Economic Accounts Division) Mr Wong Kwok Wing (Senior Manager, Strategic Resource and Population Division) Mr Jackson Neo Jie Sheng (Manager, Input-Output Tables Division) Mr Neo Teng Yong (Assistant Manager, Census Office) Ministry of Health Mr Edward Teo (Director, Research and Statistics Division) Mr Wong Chiong Hien (Senior Assistant Director, Research and Statistics Division) Ministry of Manpower Mr Daniel Sim Tze Wei (Deputy Director, Manpower Research and Statistics Department) Mr Tan Hong Guang (Senior Statistical Specialist, Manpower Research and Statistics Department) Central Provident Fund Board Ms Loo Sock Min (Director, Management Information Department) Ms Foo Cuifang (Assistant Director, Management Information Department) Cyber Security Agency Mr Selwyn Sean Scharnhorst (Director, Ecosystem Development Division) Mr Simon Eng (Senior Assistant Director, Ecosystem Development Division) Singapore Department of Statistics Singapore Standard Occupational Classification 2020  77 Economic Development Board Ms Cheng Wai San (Director, Research and Statistics Unit) Mr Edward Tsang Wai Ching (Head, Research and Statistics Unit) Mr Quin Chong (Senior Lead, Research and Statistics Unit) Inland Revenue Authority of Singapore Mr Lim Ming Siang (Manager, Strategic Planning Branch) Institute of Technical Education Mr Hoong Khak Tuck (Deputy Director, Curriculum and Educational Development Division) Infocomm Media Development Authority Mr Ng Kwan Kee (Assistant Director, Research and Statistics Unit) Mr Terence Ang (Assistant Director, Manpower Policy and Strategy) Public Service Division Dr Loke Chok Kang (Principal Analyst (Data Office), Human Resource Management Information and Systems) Ms Dawn Lai (Senior Lead Analyst (Data Governance), Strategic Planning and Research Data Office) Skills Future Singapore Ms Loh Gek Khim (Director, Skills Development Division) Ms Sharon Chia (Deputy Director, Strategic Planning Division) Ms Joan Lee Sze Min (Principal Manager, Strategic Planning Division) Workforce Singapore Dr Joyce Tan (Director, Digital Experience, Career Services) Dr Wong Hwee Bee (Data Scientist, Data Analytics Division) In consultation with: Building and Construction Authority Ministry of Home Affairs Civil Aviation Authority of Singapore Ministry of Law DesignSingapore Council Ministry of Social and Family Development Early Childhood Development Agency Monetary Authority of Singapore Energy Market Authority National Council of Social Service Enterprise Singapore National Environment Agency Intellectual Property Office of Singapore National Parks Board Land Transport Authority Singapore Accountancy Commission Maritime and Port Authority of Singapore Singapore Tourism Board Ministry of Education 78  Singapore Department of Statistics Singapore Standard Occupational Classification 2020 SINGAPORE DEPARTMENT OF STATISTICS INFORMATION DISSEMINATION SERVICES Statistics Singapore Website The Statistics Singapore Website was launched by the Singapore Department of Statistics (DOS) in January 1995. Internet users can access the website by connecting to: www.singstat.gov.sg Key Singapore statistics and resources are available via the following sections: • What’s New Obtain latest data for key economic and social indicators, browse news releases by DOS and Research and Statistics Units (RSUs) of other public sector agencies. • Find Data Choose from almost 50 topics to access the relevant statistics, press releases, infographics, charts, storyboards, videos and references. • Publications Browse DOS’s publications, papers and articles by topics. All publications are available for free access. • Advance Release Calendar View dates of upcoming releases in the half-yearly ahead calendar. The website also provides a convenient gateway to international statistical websites and resources: • IMF Dissemination Standards Bulletin Board View metadata and latest data about Singapore’s key indicators in the real, fiscal, financial and external sectors, including dissemination practices and information about pre-release access of current indicators. • International Statistics Access international databases, websites of international bodies and national statistical offices. • International Classifications Access quick links to international economic and social classifications. SingStat Express Subscribe to SingStat Express and receive email and SMS alerts (for local users) on the latest statistical releases of your choice. Details are available at www.singstat.gov.sg/whats-new/sign-up-for-alerts. SingStat Mobile App The SingStat Mobile App provides users with on-the-go access to latest key Singapore official statistics and ASEAN statistics via their mobile devices. The app allows visualisation of data with over 200 charts of commonly used statistics from 28 data categories. Users can also opt to receive notifications on updates to their preferred indicators, organise data categories in the order of their preference, download tables or share charts via social media, perform computation for quick analyses and bookmark indicators for quick access. The app is available for downloading in iOS and Android devices. More information is available at www.singstat.gov.sg/our-services-and-tools/singstat-mobile-app. SINGAPORE DEPARTMENT OF STATISTICS INFORMATION DISSEMINATION SERVICES (cont’d) SingStat Table Builder The SingStat Table Builder contains data series from 60 public sector agencies providing a comprehensive statistical view of Singapore economic and socio-demographic characteristics. Users may create customised data tables, and export them in different file formats and download multiple tables at one go. APIs for commonly accessed tables are provided in JSON and CSV formats for ease of data retrieval. In addition, developer APIs are available for users to customise and use the parameters available to define queries. Explore data trends with this digital service at www.singstat.gov.sg/tablebuilder. Really Simple Syndication Really Simple Syndication (RSS) is an easy way to stay updated on the latest statistical news released by DOS. The SingStat RSS feed delivers statistical news highlights and hyperlinks to the source documents whenever the updates are posted. More information is available at www.singstat.gov.sg/whats-new/really- simple-syndication-rss. E-survey The E-survey enables business organisations to complete and submit their survey forms through the internet. Using secured encryption protocols, the E-survey ensures that the information transmitted through the net is secured and protected. The system features online helps and validation checks to assist respondents in completing their survey forms. With the E-survey, respondents do away with the tedious paper work and manual tasks of mailing or faxing their survey returns to DOS. Statistical Enquiries and Feedback If you have any statistical enquiries or feedback on our services, you are welcomed to: Email us at info@singstat.gov.sg Fax to us at (65) 6332-7689 Call us at 1800-3238118* (local callers) (65) 6332-7738 (overseas callers) * Calls from mobile telephone lines to 1800 local toll free number may be subject to mobile airtime charges as imposed by the relevant mobile service provider.",other-elementary-workers-n-e-c
